customer_id,total_purchases,acquisition_date,quantity_first,campaign_first,repeat_customer
00378459dfa86b57b6f582a316d12034,10,2019-07-11,7,None,1
008f155e8c211d9ca127ea9912f0cea4,2,2018-04-19,6,Newsletter,1
009d3b8641ccfde1b87a6cda1a2b1ab1,4,2022-12-11,3,None,1
011a4a03436ae3788a495b29d0b00916,1,2020-03-08,1,Newsletter,0
01cff9d83b648ffb68d686f8c287866f,7,2019-06-21,2,None,1
01d9a9e79f6c83e7674574b38eedba7b,3,2021-09-28,8,None,1
01ec166e2c60e36751c61355c2c7b0b8,6,2020-09-19,6,None,1
01f4772ced847f8f64b263fac526d99f,1,2018-01-30,6,None,0
01fc365bc3be7bd250985dabd2c9fd28,2,2020-12-24,2,None,1
024b7e94673f9b399412029143088733,2,2019-01-05,1,Newsletter,1
02525fb210c9b493275fa496a2a86fdd,4,2019-09-15,12,None,1
02b46ac59fcbd8fd0ef6cdcd2e2a4963,1,2019-05-03,7,Partner,0
02c42c5b18a2200d184c7b0bda7d5250,1,2018-08-18,2,Partner,0
02c6411ce4875b55d098471479b3ef13,1,2019-10-20,5,None,0
02dd9b291b55a2f1e4cf290a2d1dd257,2,2019-11-17,14,Newsletter,1
03130fac464b9bd658342f6e1ca2198f,5,2021-11-11,9,None,1
0315e2d522c0da5ed02c37821ba61d58,2,2019-02-27,14,None,1
037b5444b62cbe6a4d97c490897c8a0e,1,2018-09-15,8,None,0
0391dad254756c6a8b27407833d156bf,1,2021-11-06,8,Newsletter,0
03c0fff758e07333531fb15ba70c3bac,1,2018-10-26,1,Newsletter,0
03e74708a6a67fd599a38e1c7da1757d,4,2022-01-16,5,None,1
03eebd814b23d0fec91899ec6b902da9,2,2018-03-21,2,None,1
0404b08839e37a2d84f000b0156521cb,5,2020-10-12,4,None,1
0431aa03d8726c4d1a05098708da1b83,2,2018-09-26,5,None,1
0457845d99700275eeb1ab50bd7fb29e,2,2018-05-22,7,None,1
049da4f8e31a84fbe877e8c238fcd4b9,2,2021-07-07,1,None,1
061b9682c71c6cc091e0bc52431bf856,4,2018-03-29,9,None,1
06309b73354fa84fdfb03865c4c1f359,3,2020-02-01,9,None,1
0642ce06ce0b474484b78a873daca128,2,2018-06-18,8,None,1
066d3e429fc11b11d9739877af04057c,1,2020-01-14,5,Newsletter,0
0690d618c593e8081792c36085b52d03,4,2018-02-07,6,None,1
069bf423446a4394a7cec41ccc8a8d42,1,2018-07-07,6,None,0
06cf7e0f0397241416af6e8a99d09f83,2,2020-08-08,7,None,1
06e4ca7292ccc0e057f6fad6980f4574,1,2022-04-14,7,None,0
06e9f8a2f5484c0c946bcf7c7cf52804,1,2021-05-11,5,None,0
07215f54ed7d84d24534f52749f547ce,4,2021-01-06,3,None,1
07784f7ad15db9ef22c4368d81da096e,2,2018-09-16,4,None,1
07d1d3733802f8520f7ff343f4dc1af6,6,2022-01-17,4,None,1
08b65013e5c66b41bdbb1eb2760fa958,3,2019-11-13,6,None,1
08e6c0217f2ef157bed0eca2feb9f519,3,2018-11-28,8,None,1
092c64ce656f578418e7eeb9648b5972,1,2018-04-01,5,Partner,0
0a2ceac8d52299dc582ae39f9c3353f7,3,2018-05-27,1,Newsletter,1
0a467c4e3f13d60676a1db8c52d63558,1,2022-01-13,9,None,0
0a76d8f683e912d79da0840c1549aa1a,1,2018-03-25,1,Partner,0
0ad1dd5cedb3ee85248eaab394adddf7,1,2022-02-23,6,Newsletter,0
0af97e27731e701ac39af5681935eb22,1,2021-03-05,8,None,0
0b88f5a9f2b70fe17a03de3682376b48,2,2022-06-01,5,None,1
0b8ab9599b7fea22a06797acfb4d960c,1,2021-01-08,11,None,0
0bbe2028aafc1b3777d7282a869d5076,1,2022-10-02,5,Partner,0
0bfcbbe1e0c747f5a6d74db05bf6774b,4,2021-12-06,3,None,1
0c1164ad77ac9ac81a9833c3a02aa597,3,2018-03-16,5,None,1
0c19ae3b380a5b182aba8fd6f4af7503,1,2019-08-21,4,None,0
0c64cff2738591f00e812f25e306e456,2,2022-11-26,5,None,1
0c91f73cc66f0d475565dc7841f59913,1,2020-06-24,1,Newsletter,0
0d182a798812519839bfc2d6b82f8211,1,2022-06-11,8,None,0
0d8af2b08164358ebaea40c362e878d2,1,2018-03-12,5,None,0
0d8c5a29ecf4a2387f2fac466d6681b8,1,2020-08-15,3,None,0
0db8323eaa2f3ba0ac7f43d57a76e1fa,1,2022-09-06,5,None,0
0e4c87a4fb3b27f4fe14d99f47b90a5c,3,2022-09-01,4,Newsletter,1
0e85db2d992dd823f0b9f7d9cba8f9df,2,2020-02-24,6,None,1
0eab69d494fd01fa9f6d6d3956447cdc,4,2019-04-21,1,None,1
0ead22f502016061adc25214dc0dc624,3,2020-02-04,6,None,1
0f37b95d793a3edd6c2efb8ec59e6cf9,1,2018-07-06,6,Newsletter,0
0f5e91bb7b564feb36292845e9195c92,3,2022-06-15,5,Newsletter,1
0fb5ca7e49e1e627cdbc2464c27707aa,1,2022-05-12,8,None,0
0fcd126b5f1a1ad70cca10fa342a72eb,1,2021-11-26,2,Newsletter,0
1010a87e5a2c543dc6db038ecd18b58c,1,2019-07-26,4,Newsletter,0
1106b8e55dc39f5c7befb821baa47e4f,2,2018-03-24,10,None,1
1126bca14ef701a894373b78a1ac42c9,9,2021-01-03,4,None,1
11529e6744bcace63eb27cd53becd408,4,2022-01-22,1,None,1
1185e5cafae26187a34f00049abb2e2f,1,2018-12-09,5,None,0
1196fe97a1970a346352970c35fff5d1,2,2018-04-05,6,Newsletter,1
11fd5e872f2a6d60d2cb7abe5452cd5a,1,2020-03-28,4,Newsletter,0
1200313a48c7d45aa90337ecf3c7da2b,2,2018-10-23,7,None,1
12bd6fd4daa74cbcc9cfe39bb7d6c802,1,2021-09-09,6,None,0
134177e1b993365bb1ee807b6c6f8d8e,8,2022-10-20,8,None,1
142fe7a8212ee34c0b7663b8e2331e29,2,2019-10-19,12,None,1
1574e0f89db6216b6020bc856e4d82ae,1,2022-11-22,10,None,0
1581f46f7d382e9678b04fc887ea7f67,1,2019-04-16,1,Partner,0
1620a889dd8b9b6c1b4443773d46b9e0,3,2021-01-07,7,None,1
165563b98de7346d502ebd38fcd80ec3,3,2018-08-11,4,Newsletter,1
169b34dcbbe96630357d619b41d57e31,1,2020-11-29,3,Newsletter,0
16a12241794517ae4f2d049ddda6c79a,2,2020-06-16,4,None,1
1702ce3d803b14501082320e05720446,3,2019-02-05,5,None,1
171a7e18bcf31a1943b75397af32ecf0,1,2022-08-07,3,Newsletter,0
1747386902502d3770881bd1231e40f7,2,2021-12-20,6,None,1
174cac7896a1a84637f8170b941ad298,4,2020-05-19,7,None,1
179af16004970c533452c3ae7625cdf4,4,2022-03-10,7,None,1
17c4e38286476bf5f53601bcd9c31d4a,5,2020-02-07,2,None,1
188f140705e0648afeda9f8d4b3cf39b,2,2020-01-12,8,None,1
18b76af7f1f55f37094a9139be04afe3,5,2019-08-02,5,None,1
18c435bb8f3e78b29eca478b58943584,5,2021-12-28,5,None,1
18e5b61ff706abb025c16d8dcf9f4c92,3,2021-05-21,6,None,1
1991354347d582046483d244c0d27c13,3,2019-04-18,7,Newsletter,1
19a79a1b3b8038c09c4b9d49e322dc6b,2,2021-07-11,6,None,1
1a1d5c051567aef0559721758a83a5a0,2,2020-08-11,2,None,1
1a5320399f130cdcb18286e6feee8e01,1,2019-03-01,5,Newsletter,0
1a623db30e57769c3e4562474ddf0500,2,2022-10-31,5,None,1
1a7bf36eedd5ca6dac7e57ca6c091e66,1,2020-10-16,9,None,0
1acb322f8c5a8cee44a32effdcab3326,4,2022-01-01,3,None,1
1af8e099e5378a9d70449e81dcdeb44a,4,2020-12-10,4,None,1
1afa12049af411641c36549fdb952db9,1,2019-01-22,7,None,0
1b37e24d89d4c8ff1045ff73d633490c,1,2020-04-06,5,None,0
1b889a0eb76712edc75b29540377f0ef,1,2020-09-24,6,None,0
1bf674529bcabf25579a4f3f621e99a0,1,2022-06-30,4,Newsletter,0
1c0e0c91966e869a969032fc1a3db77d,3,2021-06-05,9,None,1
1c413315efdf29d3e81f281bfeb0d533,1,2022-01-26,9,None,0
1c49cc1d3fce53de1d0295ea61d7e00d,1,2021-03-06,2,Newsletter,0
1c734f00c884a7de8a269c89d5651e3a,8,2022-12-08,2,None,1
1d97960305a042883a5d087e2b90fa65,1,2021-08-26,1,Partner,0
1db56967e2903f8c54b87180d679fc96,3,2021-07-01,6,None,1
1e5c979dba0785aedebf05e9fdd3d340,1,2022-01-24,5,Newsletter,0
1f3530d65e6c328f0869bd64fb5b6b7e,4,2022-11-17,7,None,1
1f3ec6746ed76042b5bf6b7ef2d4c663,1,2019-07-29,5,None,0
20313c8711f47c5dbb13299296b165df,1,2022-10-13,7,None,0
216239764d601adf9489974ab531c415,2,2019-09-19,5,None,1
21c66c588206a0abfa8a7ca559f48c86,1,2019-11-03,1,Newsletter,0
221523ff5c29154e0870bc226a4f6acf,4,2022-05-10,4,None,1
2217dc034dec29384a23662fa5e67091,2,2018-05-04,7,None,1
22184c6d82adb071a1c5ebda4027464e,1,2018-05-05,9,None,0
22e06ab9dce5858583e9ce49314ab8b6,8,2022-06-10,1,None,1
22f0d05292a396d16fe4a658b789ab7d,3,2020-12-19,8,None,1
2305bdf1291e7eef224bdb07d5358576,1,2020-12-26,7,None,0
2313ad9b17b7d5accd427e24b70c9972,3,2020-04-18,2,None,1
2339e36fc9d0e5717ecd116b93b07e00,6,2022-03-15,4,Newsletter,1
2347a3620ec2c2950fd85fdfc8e321b4,4,2018-09-23,7,None,1
23d01f914421f12ba455d8bed8091263,1,2021-02-08,9,None,0
23ee4935b24e3377a06ad6cdd909e8ac,2,2021-01-30,4,None,1
23f034c2e3a8394c21ff38e7c833534b,1,2018-05-25,5,Newsletter,0
24676b8a03425a015d9b9942b3d160ec,2,2018-08-03,7,None,1
248ca7d49a07a98765a6e5470a835f49,4,2018-02-20,1,None,1
24a7d76710600723869573279a4d6e02,4,2018-10-15,7,None,1
24bf702e55f1699e9433ed26908a28f5,7,2019-12-17,5,None,1
24eebeaef9d0a7b32e3ddca06d3efb0a,3,2021-04-07,4,None,1
24f3afdad809186f7a9bba091eabfbe6,4,2018-10-03,7,Newsletter,1
2538370bd5dd8237c3e65d1bfef4f751,2,2021-10-26,7,None,1
259eb8cccf39c5d18e5378bc745c9b7c,4,2020-08-14,4,None,1
25ceb16f2830384a49e054e797cf5a87,1,2018-01-01,8,None,0
261a5c2c7565ffd3746ea4afa92ecb96,3,2019-11-02,3,None,1
26f3773c99f9098d59d5044c17c3cc4e,1,2022-05-24,6,None,0
270c50568b1ff1f2ac327aa1c8325ca8,2,2018-10-10,1,Newsletter,1
272c5e1ee0985cf96917af5259065089,1,2020-10-02,6,None,0
2762372d9fd72da9dc0d4668742f9337,2,2022-08-15,2,None,1
27a264268993b175e84fcbf0e31b7fc6,1,2021-04-06,5,Newsletter,0
27adf0545bc7e9a4e42af72508eab281,2,2022-01-18,8,None,1
27bfeb9b3e9b264be7ca827e8e194f3f,3,2018-02-08,12,None,1
288acaa725bb80617d71ecca45601d35,4,2022-10-25,12,None,1
289943351dd15bf79d226014f6e99e10,2,2020-05-29,9,None,1
290b24fceed86fab9431d114711efe3d,4,2018-01-11,7,None,1
293faf04bdbc8106c6ad6e64db5cb097,2,2019-01-09,7,None,1
2947b3aaf559ec37573c929a49db1380,1,2018-11-10,1,Newsletter,0
2962bd3d67196f590647d44a935c3eaa,3,2019-06-28,5,None,1
29a032d866d5ea874a475846879ebad1,1,2021-11-14,6,None,0
29ab2ac6ca7cbf7f09092199e79e9beb,7,2019-04-29,1,None,1
29b62e87f2fed00d6ef5b61c17b7fa85,2,2019-10-04,14,Newsletter,1
29dc258bd8f37f92152b36a16c179478,4,2020-11-27,6,Newsletter,1
2a7cf550e9f5bca6ecbf28dd4f080f53,1,2022-11-14,11,None,0
2ac5051d87d2cd0190b60a22071a9556,3,2018-08-14,7,None,1
2ae465a026f797decf8593a8951cdd04,3,2019-08-19,6,None,1
2ae6e7e41b602bedd373f47df0a7a226,1,2021-04-03,9,None,0
2b323493fc1811c9567e9bb3737a82e7,3,2020-03-17,5,None,1
2b3ee3182fd47453a41ba0ba784f3eb6,2,2022-04-29,4,None,1
2bbe5cc8f4ac2a37b7da7bf3aa0b632d,2,2018-05-06,6,None,1
2bc475c9a1057b0e3ab823c8f8bfd4e9,5,2019-06-26,6,None,1
2c08cb492e4c1749ac2ffe05e8965d80,1,2019-10-21,8,None,0
2c08fea3544d4360b5e436431cbbec43,1,2019-06-25,2,None,0
2c0e21b05100185badbdfce838a0f476,1,2019-08-30,1,Partner,0
2c1c888357e20ae8e322b6e05407aa5c,7,2022-03-13,5,None,1
2c5682ac18dbedec5f05435644624540,1,2020-09-30,5,None,0
2c82dafa2aadb920aaec5fa77cab4088,5,2022-02-05,1,None,1
2c9280c7c6d09181f28c61ed7360a955,1,2019-01-24,2,Newsletter,0
2cb61db47c86e4f631b6d8926cc90d52,2,2022-09-19,6,None,1
2cd28cc9b7104fc87c405c5d1976fdda,1,2021-12-27,4,None,0
2cedf1f8726dc49d42f9ee9abd9da74c,2,2020-10-27,7,None,1
2d08101145a1e5f80a15fcd1604e67c2,6,2020-05-11,8,Partner,1
2d13c77303838b8ea465e557b09e564e,5,2022-04-25,11,None,1
2d8fd157f069eb4f465f61d97a007e76,1,2019-07-06,9,Partner,0
2e06da0c3d2160f08e2d1ee01572b002,3,2021-11-03,6,None,1
2e0c35e17e340b7fe489fc8f0510fe17,4,2021-10-27,8,None,1
2e0f6fda05674446f0c919018f6f1564,1,2020-04-10,9,None,0
2e2a579f4b8a2a2d8b81c9ebbc28e1b1,5,2021-08-08,4,None,1
2e41e7bd4101b6a46f9972f08484081e,1,2021-08-31,9,None,0
2e79a889a4ac7facfd668ab6a8bb5a16,5,2022-02-16,5,Newsletter,1
2ee41389464dceed12c5dd44df7a6b74,1,2020-05-27,1,Newsletter,0
2f353d012126f8cc03db51d9d4ade69b,1,2021-07-16,3,Newsletter,0
2f7584bbe96f2a5d72f8e8d5cdfd13fe,1,2020-05-06,8,None,0
2f8d6bb0d3943aa248df1691633d268b,1,2018-09-02,6,Newsletter,0
30ff562174c94fa3639c5b9468a736a5,1,2021-04-05,7,None,0
3148cc99144f983358476811eb969f4f,1,2018-11-12,7,Newsletter,0
317d01ced926ab11ea106224ffda9dad,2,2021-05-12,1,None,1
320d565aaa6711ddd4b0540688299594,3,2020-10-26,5,None,1
324e7f4465a2d84bb9fd07db7ebcb85a,3,2022-03-25,2,None,1
327729e99f706b84409d2423dbd920e2,5,2020-06-15,2,None,1
3277b4467a5d29cb8ca042a5de0eb35d,1,2022-11-30,4,None,0
32b416ce227614383a02ef4933aa46af,2,2022-09-27,6,None,1
33020d14d404c70bbf5a4de50b97bb67,1,2020-06-22,6,None,0
331398cbb9f75c6c92a966c5cf98083b,8,2020-11-20,11,None,1
33419a0857877566197ad0d972541f9e,1,2018-08-23,15,None,0
3389efe4faa752d1b509370601fb1d39,1,2019-04-12,3,None,0
34234c76e44cf52f52c8e14c9e8a9f11,6,2022-02-26,5,None,1
344d231783a09c356a035f1aaf738c66,1,2022-07-29,7,Newsletter,0
344da08ebc007d338bd34904862ca691,3,2018-01-05,6,None,1
34ae898615d0ae6601a21d524e4f0010,1,2018-11-20,5,None,0
34ccbcb097ffd231c9c12b598166445c,2,2020-05-02,5,None,1
356e80867c938372912a31e98544b7ad,1,2019-01-08,4,None,0
35dccb490b6ff6b695ccc0b8a86242d8,1,2019-11-16,4,None,0
35de50a2b26d811e5c559534777cd13e,4,2020-02-26,6,None,1
3614047f647e3270f11be92446506315,3,2022-08-31,5,None,1
361cf9a39e63e6c5b7f60006e5acd4c5,3,2018-11-26,3,None,1
36ff9aa0caedd4d8be0b8c023fa8b7a4,1,2019-01-06,4,Newsletter,0
378f1e24ba8e24b5125a578af9f3158f,2,2018-10-01,6,None,1
3800feedc4d386e334b179896167a226,3,2019-10-17,5,None,1
384810e508ba801c3af4401c4dd2cb43,2,2018-04-04,8,None,1
3953c6c4e5f7b43178d8db16be0b0920,1,2018-02-09,5,None,0
3982d47da9a792cd91247416b1fb260a,3,2022-08-16,4,Newsletter,1
39eb65eb43d217205aa943ef1a93177d,1,2022-11-29,7,None,0
3a546ce4beb6080d1f00c752795d7856,1,2018-02-28,9,None,0
3a61335021bb5136b1dc5dbe50d183a5,3,2018-10-13,6,None,1
3a86017ca0fd5f8dcc5c379d300561cc,1,2021-03-09,4,None,0
3a8b7caf6fcd146a1d1400aa2e224a32,2,2019-03-26,11,None,1
3aaa378b00fdd64dc09551374084b973,1,2019-01-30,2,Newsletter,0
3adff6f1881104330cedd6ae5477501d,2,2019-07-28,13,None,1
3af2a76935bc54d3f48d684bc9bd9945,1,2022-07-08,7,None,0
3b417c2f8449d4ba9ff53f65ed4c42fa,2,2019-04-23,5,None,1
3b6d2580913877121ac1aec02195dcdf,1,2021-03-02,5,None,0
3b762e8813fee739e5037a9c58206824,2,2020-08-30,8,None,1
3bb321af1ec78f4fc5530e21c76f98a2,3,2019-02-08,7,None,1
3bcc238c95f1308cc7b134695246745c,5,2018-12-21,8,None,1
3bf3f72b9027f7e9db47ed0d94f67004,10,2022-11-25,3,None,1
3bf5c05aaaff9e05e636b3506d1e493e,1,2021-08-18,5,Newsletter,0
3c255c5455aae1665546ee24662be4c3,2,2021-02-05,5,None,1
3c7e948f6ee8e426896ada75260d6a70,1,2022-09-16,5,None,0
3d2fe66a988152d8c7c440a5ab9aa4c8,1,2020-05-04,6,None,0
3d5781ff108343838c6e6cc3a4a7684a,1,2020-08-21,7,None,0
3d80ef6418274fab73ee30e069e11a4a,2,2021-09-23,4,None,1
3d81558c923aabf8d371859951c6cf48,2,2019-06-24,10,None,1
3d836ee72f884de9196db565e780dccf,3,2018-02-19,5,None,1
3df7317f196a52f26f9663d3e35f22cc,1,2018-03-23,2,None,0
3e33d5139c127f880f47ed941effff7d,2,2021-01-17,9,None,1
3e3e11ee9c28794c131f0dd045696b0c,1,2019-02-10,13,None,0
3e413019bf4779aec44f9359867ea8d3,1,2018-06-06,7,Partner,0
3ec4238c105c3ae62d023b9720d9c6ed,3,2018-07-17,7,None,1
3efe54744c6f02e24af74b44fe0a5af3,3,2021-03-24,8,None,1
3f9d94937f00b24265c003c726e718f9,1,2022-01-12,5,None,0
3fa55ad39b29c9ffabe386c35c686206,2,2022-11-06,3,None,1
3fc76332cf8a3321584df02f29d9eb51,2,2018-12-13,10,None,1
3fe5dbb48b43341e80a3a85e401ac312,5,2022-04-30,6,None,1
3ff82ed17e4ed190196f9331e7c157ab,9,2022-06-23,9,None,1
403504b11cf7b393f100a0610c203f69,4,2019-11-25,7,None,1
403901085635fad134d504c0e6299cdf,2,2021-05-08,2,Newsletter,1
40590532a2cd9b85162537ab1619ec66,2,2019-03-23,5,None,1
409ad03057035617479045767a8a90c3,1,2019-08-09,8,None,0
40e78a9f3b14f1db2031a7e6647af98c,4,2020-03-30,7,None,1
412c3d3cc17d200a5f545a189d09231a,5,2022-04-26,7,None,1
41d237a6390cba9c49ca23c56cad7aed,1,2018-06-16,4,Partner,0
420e2f004e995cd4fc1bf73ad24d107a,1,2019-09-26,7,None,0
423822fe23d345623dfe392f0296fb6d,7,2018-05-14,7,Newsletter,1
423a276f02de993fee3cad5c3086531d,1,2018-06-17,14,Newsletter,0
429616aa0e88618ac26a1785ea8b8450,1,2019-12-15,7,None,0
42a63fdc63fd47396927d8f6cf9a045b,4,2020-03-06,1,None,1
432f4a041c6feaf50d2f3584cdf12f70,2,2022-07-11,7,None,1
43e2846529af3a03077a400d31060021,2,2018-07-13,4,Newsletter,1
445aed97059e805f8ac54c9f21dcfa30,1,2018-07-14,4,Partner,0
4464a54c7eb8d9f6b1e396e1664b0d0b,3,2021-05-03,9,None,1
4519894a04e12d6723d0ff666f89bbbb,1,2022-12-21,4,None,0
457e1b4b507bad5238ef8048762062e0,1,2020-10-05,10,None,0
45886410b797c22aee992dd625edf7c4,2,2018-08-08,3,None,1
45c814f810f1967962a192f804879ad6,3,2019-08-01,7,None,1
46039a271c2e11539d25d3565e5c6b6d,1,2021-04-29,1,Partner,0
465b5b9906991ff79b3982a6fa36301e,3,2022-07-14,3,None,1
471030666b8193c9475ae14b371c097c,2,2018-05-01,9,None,1
472727500850afe8665a4ffc6da6bfd1,2,2019-10-28,2,None,1
47272c422f83aa420df8ee2ce6e017ae,5,2020-08-19,5,Newsletter,1
47552a788b28e76e3d5205e985eea5c4,2,2021-08-13,10,None,1
478aafa62c45a9a365ee3fa7b68a9b8f,4,2018-02-03,10,None,1
47a20dd703adbb82dc40311d30b08f9c,1,2018-05-21,9,Newsletter,0
47c76bf9706e45df073a51f975041062,5,2020-11-19,2,None,1
47eb75ef96cea0e5fcb98b1edebb23f0,1,2019-11-04,4,None,0
4800d33a1b34370d1a0d033d8f17d715,1,2019-02-11,1,Newsletter,0
483087d3e8de78942a432436b89904eb,3,2022-02-19,4,None,1
4857460620f040c6de41760c2a5972ae,2,2019-12-11,9,None,1
48c7655d81036b93ff119a65781a3b2e,1,2021-10-03,8,None,0
49a44d258a5b9f7be7f860bafc9b262a,3,2021-07-21,5,None,1
4a996e9f78ce31a6a1a6320f0444d4ae,1,2020-09-15,9,None,0
4b272c7a706588fb22f6e0392fbcb2c5,3,2020-02-09,7,None,1
4b63412ac6238cc975b21d8e1ab2e57e,2,2020-06-09,2,Newsletter,1
4b9f0c2e200bae7b0603caea1ecaf986,4,2021-03-23,10,None,1
4bfbb9d337b9d8c24033aa19794b3e4e,1,2018-10-16,6,None,0
4c55e8c4a62f40ab1649a62511b06506,1,2019-08-12,10,None,0
4c6a1d235edadf36837b7707892a621c,5,2019-12-16,9,None,1
4c9658b3b3f5d1388ba9489f651b619e,2,2018-07-08,10,Partner,1
4d0bac1ffd514d104abfaa4d0c8e9a66,1,2022-08-18,3,Newsletter,0
4d272c59f0ea8557efd04c5a699827d7,4,2020-09-17,4,None,1
4d47a69d58a1052feb67874304f28521,1,2018-12-16,1,Partner,0
4d7101d3976e0118b105853e7b244693,2,2019-10-15,1,None,1
4dd099f118901a465a335b8095efb180,1,2022-11-19,4,Newsletter,0
4de60f75dbe34bbe939c1866a67a96b8,1,2021-01-26,5,None,0
4e47c37682e3edf5460013c66f52b827,3,2020-12-01,1,None,1
4ebca893d126c137e39f155a523dabd4,4,2021-10-12,3,None,1
4f13f66d92ff7b66910a9854dbeacea9,1,2021-02-17,6,None,0
4f1fa020e8160c03e3a75734e17dbbec,4,2020-07-06,4,None,1
4f3bb3450f2b8e4eb975b39798e96fbe,5,2020-03-26,4,None,1
4f46283c7dd3fb0c548fb9f3fec117de,8,2020-06-29,5,None,1
4fc3f442da1b841878b613f92ea6403e,3,2018-06-14,1,Newsletter,1
4ffbbdfdee93d4afc1f1158e73b9839a,3,2022-11-16,3,None,1
50cd5401322419f0922ddbb1f91ce727,1,2019-11-08,10,None,0
50d3eea02fc085517cef12d483d14e77,2,2021-01-23,8,None,1
50e2e7fb46a23ff8133f287af693a490,4,2019-07-10,6,None,1
50e802c1311000c4d6356adab3479c23,2,2018-10-12,9,None,1
51357c414793b6aa0730a63d1b103d71,1,2018-06-26,8,Newsletter,0
513f7b45e2b7746d6771528885c26c22,5,2018-12-01,6,None,1
525ce1c4cc5f859a4fc0bc195e2b6f0d,1,2019-12-12,4,None,0
527c654274f3e560a1f6efe9b9dda970,4,2018-01-04,5,None,1
52ca801e58905fa02332105a48bb0514,1,2022-01-29,5,None,0
52cfb7ab07d7dcacff42351768ccc22f,1,2022-11-12,10,None,0
52ec60377ac8e1c06bb64e3dac04c3a2,1,2020-11-14,1,Partner,0
531ed61b46df8a5e06ea8895f0f56b13,1,2022-02-04,5,None,0
53320a41771e7db8f11f746b7dc9e377,1,2022-02-27,2,Newsletter,0
53d309f0fd85404c700e5f22954c100f,2,2021-11-13,8,None,1
53e025a8231ed933b478ad8215b066fe,1,2018-02-13,10,None,0
53e39bc630cd29b446d2a94d41d51939,4,2020-01-11,7,None,1
53fc4ab487fe9afbe2f41598397310e4,4,2022-09-28,6,None,1
542a2bab32e309d3cff9793f372d9f8e,2,2020-12-07,4,None,1
544db6765c4979b2f2a6f5b441110868,1,2020-11-10,8,Newsletter,0
5456d79a1562fe9f45a46e34856d9bb6,1,2019-07-14,8,None,0
546fdca6e1281513cc7dee2a6667036c,2,2021-06-18,6,None,1
55d36bcd25380ecc34746c3890feb406,3,2020-01-20,7,None,1
5644becd67565a32ce470fbfc57d88a4,3,2022-07-02,5,None,1
5665ad15e224e8d07fdb42c7cbb6fada,1,2019-08-26,6,None,0
56de9eb850915d6b61c3d55e0a3da62c,5,2018-09-28,6,None,1
575ba49d807f3431ac83133066a47f95,3,2019-08-20,4,Newsletter,1
577e53d8d05929b4e8aac96ca3d374bd,2,2022-05-28,7,Newsletter,1
57888034180e0a1ee8edbb38e41292e0,1,2019-02-14,8,None,0
578a92c75d7ae4fdc742f8101be6f70f,5,2022-03-23,7,None,1
57a6cd62ba2ee6282493598364920f26,1,2022-10-18,7,None,0
57ed642f2abb6c177c2768532c3e6d9c,2,2020-08-05,10,None,1
5805645773b50da9ddccf262ccac6036,3,2021-08-16,7,None,1
58a19888701eb1974e11b7680e4b6407,5,2019-11-21,10,None,1
58e2750c014bc4cfbefad01e3914a338,2,2021-02-22,3,None,1
58f5bc3e860e0857541c7acf17d2600c,1,2019-03-05,9,Newsletter,0
590e43c8490528578ef926d47c4c7ed5,2,2020-08-29,1,None,1
59444f9073655e25d240e75db6d427df,1,2021-02-16,9,None,0
5946029845e352f66a5903eee5647919,1,2019-09-30,1,Partner,0
5965582cc886a05726ccc9f5a9a5432e,1,2020-02-14,5,None,0
59f227f2db3b2d9d4bc083784ba2ff7e,2,2022-09-26,5,None,1
5a77ad7d5af9076109d0d10f8480ba66,8,2022-08-30,1,None,1
5aebee7c324d8f63cdbbe50730eea834,1,2020-03-13,7,None,0
5afadb91ed35d71f6411bca8dbad4e8f,2,2020-12-25,8,None,1
5b5c31bfeabc2b4d7ca6980c286e50a2,2,2020-08-20,12,None,1
5b6e0b9eda57f9b73a2bf2a6a37650a8,1,2018-05-19,4,Newsletter,0
5b9541810dfd391aa33347687467c9f7,2,2022-09-18,7,None,1
5ba85c6d420eed9f03c958cb3a8cdfbe,1,2020-08-09,5,None,0
5bc953db27e3bfb407cb28374dadb83a,2,2021-11-09,4,Newsletter,1
5cbad2914f13050e22d0399914204fd9,1,2019-01-15,6,Newsletter,0
5d49240c45a2a624f684c7aeee62e903,1,2020-01-05,7,None,0
5dfafbad4e969acab9fdb3e8ed1e0d78,1,2021-09-18,1,Partner,0
5dfdee6562ac1394a685cbbafc7cea79,2,2021-02-09,3,Newsletter,1
5e133074da71b0640020e92deafb6034,2,2022-04-20,5,Newsletter,1
5e267dca45c8b9b67b00760d8d83cbfc,2,2018-12-14,4,None,1
5e3d0544a0daf3c8515abd2df6947be4,1,2022-08-19,1,Newsletter,0
5e6dc9f1938e73c7f608fdba251351f6,1,2021-12-26,5,Newsletter,0
5e9894a287e3b745ebdcb46200774d0a,1,2022-10-09,7,None,0
5eb92fdaa7750aa3f72ae51ef548035b,1,2020-11-13,3,None,0
5f3b98d863acbba9dee14a34651cfe2e,1,2022-05-04,1,Partner,0
5f5696b40500d164b129f9a43ef60b55,3,2021-02-23,8,None,1
5f5a245f306ed92fee31e5692ca91d95,2,2020-12-15,8,None,1
5f7771b29863b7e048df47c6f1d268f8,1,2019-05-06,5,Newsletter,0
5fd1ebc77d6b1c42717b079fffe535e3,1,2020-08-04,6,None,0
602116f8b8633185dc5bcf54aa4cdc1d,3,2018-11-07,5,None,1
6027376ae4cd3e47df48900ee8dc12b9,1,2020-11-08,7,None,0
604f7be79ee4c8e160498f1e66dfdb0d,1,2022-05-25,13,None,0
60640ce7537f1ae21ed733ed1037bece,4,2019-07-21,6,None,1
607ab1363f3472eb8cdd58da80af97d1,1,2019-03-29,2,Newsletter,0
60858fa25e19bae03a4e93221acb2827,2,2020-02-10,11,None,1
60a55b68907afc8502ddae17e09bfd03,3,2019-12-22,8,None,1
60f12c1cac05d6087ce1cf896fdcc81f,3,2018-06-25,9,None,1
61041c94e5e67b522b9418fad1f57f34,3,2022-03-17,4,None,1
6117323d2cabbc17d44c2b44587f682c,4,2018-04-25,10,None,1
612284b867070a863585b377fdde87d3,6,2020-03-24,6,None,1
61b6e58293b604494e38cdf960dd3da4,1,2021-11-20,2,Newsletter,0
61ccf2fb139878b7de01c00f510d6003,1,2022-11-05,9,None,0
622892e35649467102072bc61ae2c348,4,2019-06-23,9,None,1
623cdb71ee9aafd8052cdd1089acb446,3,2021-09-11,6,None,1
625c1d095c553b01a538bef93935bc33,2,2021-05-15,8,None,1
627a9af617b6f0c80ab780e617ed61f6,2,2018-11-18,6,None,1
62d06d456e5b65de459b96804f00935e,6,2019-09-08,7,None,1
63036a50f11981711bd68a4d7a4a66e9,1,2020-08-25,8,Partner,0
63306cbe225f43570c073c282300b61a,1,2020-01-10,12,Newsletter,0
63b29750dcfd5bce022b760210263f88,4,2019-10-26,3,None,1
6475bea474e208002af8190a55758f77,4,2019-11-30,6,None,1
64ed450be4c32da60bbaa17e920825c8,1,2018-09-19,9,None,0
651060cd2581264c0b4913c6eaaea634,1,2021-06-19,7,Partner,0
651475232b6e998028da09489aa8df06,1,2019-04-11,6,Partner,0
652297fe4e66041c79632e132965cbe8,2,2018-09-22,3,None,1
652dff820ae2c1bb57dcdacbaec8f45e,1,2019-03-10,5,Newsletter,0
6539dfcd123830958aa15b065aff338a,1,2018-12-31,7,None,0
65c14b820d231d2999f371f703b13723,2,2022-02-17,8,None,1
65d067f95decfc830b9fad4c0438d162,3,2021-12-16,5,None,1
65fa9c6550042486183eead3f81cfae3,1,2019-01-14,1,Newsletter,0
668190c7ba0c2ff9d257c760516c6ecb,3,2019-05-16,3,None,1
66c3862a0e5309bc91d98cd8eae23f31,1,2019-07-27,2,Newsletter,0
6726d68d51f00740266ad11fd95ecfd8,2,2020-07-25,9,None,1
676593e90376d6a65587ffb01bc56a6e,1,2018-06-03,5,Newsletter,0
67a2a07a02db53de7b5ee5dbf7f9a011,1,2021-09-16,6,None,0
685ada5c701e414299d5d2f91cd41479,2,2022-12-22,8,None,1
68c5e4ea590352385449e880d067b786,2,2021-03-18,11,None,1
68d7ade4437f811b4987c3f1d7b83c35,4,2021-01-21,2,None,1
68e482e1ecbe15b3f65001ca5f5fe701,2,2021-03-15,6,None,1
692946e29ccc223f01dab0539ca4c305,2,2020-12-16,8,None,1
6978a8c7f63525aaac11e9cb34e5234c,2,2020-11-21,4,None,1
69ca739b68a83e2d47cb14b4ff1ff82e,4,2022-11-24,4,None,1
69db9f9ce6e81a9c1bf3fbfe07bb9d09,11,2020-07-07,6,None,1
69f549bb037e620b1d885f93ee9f4066,4,2021-03-25,6,None,1
6a2c4e4235cb45b85469b4789c5491fb,5,2019-06-11,1,None,1
6a5235423ffb190698f344d0f1504555,2,2021-03-07,7,None,1
6ac7e71cc29f901d6b9d55f804dcd19c,3,2021-08-07,5,None,1
6aec798c0a0529f717764400601b4a5b,3,2021-05-29,2,None,1
6af1f2e9f8580bc7a9248a1d5eb89e7a,1,2021-11-05,7,None,0
6af8b2d51396bf7795fdfc20b7e94167,1,2019-07-18,6,Newsletter,0
6b375be1c439ad172078d6d0dd31dfae,2,2020-01-08,8,None,1
6bfff7fa1ae6e3a8ab3a8bec6ca595a9,1,2022-04-17,4,None,0
6c0113d2a366a6221e2651f830161582,4,2019-05-02,6,None,1
6c0ae7a8fcceca5ac68dbb3aa99e6c8d,3,2019-04-19,7,None,1
6c2092ea30ec7bdc86d5cbd1eb8add3f,1,2020-08-12,3,None,0
6c8001b808b343a77b1f240ede2f7830,4,2018-12-22,5,None,1
6cab7ea3355d086128852d91c39b7898,6,2019-05-29,6,None,1
6cbc31e349b1f734a24821ca5da6fed1,5,2022-07-10,7,None,1
6d515ea3becdd52bae93435de8deb70f,1,2022-07-23,6,None,0
6e66d38fafc495fe5ed97510038bdca9,5,2021-02-25,10,None,1
6efe7da7b575b23dcccb6c2dcfe89777,3,2020-07-08,5,None,1
6f116359dcc790a065b030789d844ba8,10,2020-10-24,2,None,1
6f22f320b4992406f4eb58a47ba80f9b,1,2021-06-12,5,Newsletter,0
6f3b466f81a26c011c88dbf1f6022ecf,1,2018-09-14,6,Newsletter,0
6f3b5368880f83a346114e1fa89bbb37,1,2020-11-23,6,None,0
6fd9d534f3c0ea05ddd0562397c6ebaf,4,2021-07-02,6,None,1
6ff3abc1052a0921893a94751ccfe211,1,2018-02-01,5,None,0
7021f0df64f491b613bba4cc063af976,1,2018-12-26,4,Newsletter,0
70225c2a3e4c8d2219b510226995148a,7,2018-01-23,5,None,1
70519380479661e51a5c11463fb76179,1,2020-12-06,9,None,0
707022a0780df8f9d7c4220b07fceea5,1,2019-05-18,5,None,0
70b1302bbd211902ae3c82cf52d95e7a,2,2021-12-14,7,Newsletter,1
7125d117861bfa4aaa285c175d82c593,2,2022-04-05,6,None,1
7195e2bd0a339a0c95d3bc0b35da5e3b,1,2018-03-26,7,None,0
72175f4a06b6ccd3e116ae1d3e869202,7,2021-05-19,9,None,1
729bfa5e8099a83acd508b1e37bd05d8,3,2020-10-22,7,None,1
72bd8610b0413a6359a60bf4c47159f0,2,2020-02-18,7,Newsletter,1
730bb7fa7567960da57290d57314571f,2,2019-12-02,9,Newsletter,1
7318f044f14058943ccb618f27aa99ec,1,2021-02-13,2,None,0
735a142869d75b5930b75084071c0348,2,2019-09-07,11,None,1
742bbccda9034710a152ec70b457bfed,2,2021-01-05,4,None,1
74b71821101dc76be398df5887c60012,1,2018-07-24,4,Partner,0
74d4b00f0f93d5924bfa5f17eeec65d3,3,2022-06-24,14,None,1
74f9813e42bd99725e3fae179944aa2a,5,2021-04-20,11,None,1
7509e7dafd0dc2e706cbb13c7a476747,1,2021-08-02,8,None,0
753858bd42cb95adcea1258cbe73aae2,1,2022-04-24,5,Partner,0
757d6024f628134dd237dacbaf21b028,5,2021-08-24,1,None,1
75ae52e9f5eb8368da70b7affe9c0250,1,2022-03-22,7,None,0
76017549a78036264cd612eeaefba666,5,2020-04-16,11,None,1
7614a4cde980423194d8b3e9cee88e3e,2,2021-10-29,7,None,1
76827b8ccb937768acd44e107e5b75e9,1,2022-09-21,3,None,0
76ed2e8a6329c929b21afe0b3d1bde40,1,2018-02-10,3,None,0
7797f047aaaa7402289d545b2fae4367,1,2022-06-03,11,Newsletter,0
77ceef72044007ba50e9cff5613d5d58,2,2018-09-04,5,None,1
77e64945532e4b5d8bbb5e22cefb922c,2,2018-02-25,3,None,1
7809df570d79a91cc43932b994e5cbc8,4,2020-01-26,6,None,1
784b1c62e3318f427cde99ae3acb6fd9,3,2020-09-27,6,None,1
7863902f12477e90e137eae83dba87fe,3,2022-09-08,6,Newsletter,1
788a44a3367e94ac1a003a7ad803c297,1,2019-06-22,7,None,0
78afee9acee9ee6c4cb9d215c42d7c7e,1,2019-07-01,2,Partner,0
78b5106d46b00bbf0d7a167e24b6b125,3,2020-06-06,4,None,1
793a333a36e6960aabc2feda5655fbe0,2,2019-09-16,1,Newsletter,1
7965173868d4fa8438cefa6f75394179,1,2021-06-16,5,None,0
798213fd05074b03456d3db3a665e9be,1,2021-08-01,1,Newsletter,0
798f026e4cefe659fb9f134fbefccce3,2,2021-09-17,8,None,1
79c8a67633329d871601a7d1317b2610,9,2022-10-27,1,None,1
79d2fb4aac0c6dc2f226348bc6659f7d,2,2020-06-11,7,None,1
79f42938895f0750a311b4c2dd3c59b7,1,2020-10-23,5,None,0
7a20cb8a7083ca57863f424d471d65f9,1,2022-10-14,4,None,0
7a39f4baebcfdc45941a4f752eb4f4ab,4,2021-10-09,1,None,1
7a8bc20f7fb1da8ae214ae8060f5a7c4,2,2020-04-23,7,None,1
7b2894476279b83a27140df5f1d99204,2,2022-11-20,8,None,1
7b39656c697739b3700f21d7fd9798fe,1,2020-02-22,6,None,0
7b7a5d0649f51beda67a3f03f4449395,3,2019-11-26,7,None,1
7b8e61e2831286355c0508034f43a37d,1,2022-06-16,6,None,0
7ba6e46e09bcd036749309638267d722,4,2020-10-03,2,None,1
7cab6ad1e4b73fb9b140a16398f370a0,2,2018-12-19,6,None,1
7d03c95c4c2a09dc888deb3510babe10,2,2019-08-28,3,None,1
7d4a10c6ab5e7756d3fe3bcda76867f8,2,2021-07-20,9,None,1
7df05074ca17bfc0993b5d7bd08cc8b5,4,2020-12-31,1,None,1
7df5174ce362d7f9d0c38df904ec8a3c,1,2018-07-04,4,None,0
7e5234a59c0e2f0ee56d2deac64ef9ee,2,2018-05-15,7,None,1
7e533e784036f04578a0a19df5572aaf,7,2022-06-20,9,None,1
7ed5e605f2a84d5c76ff042722b685d6,4,2018-10-08,10,None,1
7edd0f4ea54ecd0f89ec4a88abaa1614,4,2020-09-20,6,None,1
7eefff034bbf8a3a1315c507e483e926,1,2018-12-24,12,None,0
7f011b2ff691c2641355c86e17d667d0,2,2021-10-14,10,None,1
80bba556e0a7ceaaa74a4173a8322ff4,4,2020-12-05,4,None,1
80c452f6b8a019c29a76f1edbb38b38e,1,2021-05-05,10,None,0
80dbea5ddace7329aafebb412e8b588d,1,2019-01-23,8,None,0
80df812e7b12b8f468137862068bddaa,8,2022-03-02,7,None,1
80f7cd7b1a27136f64b6fd580b87bb4d,2,2020-02-21,8,None,1
813d0119377dfbdbc1ba7d46d5f95ab4,2,2018-06-05,11,None,1
817b04ad76cd3ec1734b0469e7657fd2,2,2022-10-05,3,None,1
81bfebc0595ec788c512a0e2831607b6,1,2018-10-09,4,None,0
81ea9091e591c64b0377bf690019782c,1,2021-01-12,9,None,0
81f561093437d441c5ae8dd28f409cb5,3,2022-06-28,8,None,1
823149c0806e5cd9837294483e1f1c11,3,2022-11-23,4,None,1
8252ea05d0e3da2400dda18bc6658d2a,1,2019-09-23,6,None,0
8257780a59590c4c20f087ba3e8f1910,2,2021-04-09,1,None,1
8289ab7284c1f9c40dc6e4658d7161cd,1,2020-02-23,5,Partner,0
82a8c9b0f34d3cad002b6770b2c4d728,2,2019-10-08,9,Newsletter,1
836f187e16d1d920fc9ef25b782f5cac,1,2021-05-20,5,None,0
83b9950b23e9387ed741486035f79727,1,2022-10-29,4,Newsletter,0
83bd18ab0e757360f2ad2109179ac171,1,2019-02-12,11,None,0
842dd80f065adcdb17dcee2eebfec698,1,2020-01-27,6,None,0
84be2d57b4821acda3e509519e1e3299,1,2019-11-14,3,Newsletter,0
84db85247a488a2b56c856742fefbcb5,1,2020-06-05,1,Newsletter,0
850bd5e6f3170c253273638da4ad88d7,1,2021-04-30,4,Newsletter,0
8537790cfad15c365a4a98e2d98ca24e,2,2019-07-22,5,None,1
856a093c5127a85d87a6f7039ebbc1a5,2,2018-01-22,8,None,1
8589252009bb1bd89ce400f25b7b49b5,4,2022-11-21,7,None,1
858e68a052ab472183c76260a91f6715,2,2021-12-03,7,None,1
859a2439787f6619558636e1df9ffbde,2,2019-03-24,8,None,1
863ad37f14269c5c98a4ff8e6935a351,3,2018-11-21,2,None,1
863c8fbc3661fae36acaf84114285d47,2,2022-05-15,9,None,1
8643addac9a9bcbafd7d4de9e770d737,3,2020-09-01,2,None,1
868b9b5ea90e801fde288e9d87a0fddf,2,2022-02-11,4,None,1
86d4f59947a1e8af28c7852a4e1487b6,5,2019-08-14,4,None,1
86d8d5163609ed577e470fc8449ab085,3,2019-03-28,6,None,1
86fd1c5bcd0f7468740f0717db27bfd6,3,2021-06-14,4,None,1
873405ccb59c86ba4b2f5ca87eb0d3cc,3,2022-03-14,5,None,1
874691aeb3cb26af42d7566d893c1127,2,2021-06-25,8,None,1
87625ff2694e438b42a034a5c07a2f6e,1,2020-01-16,6,None,0
877d2e3b7a356529036954fc32097d13,2,2019-06-20,10,None,1
89cc6f6dc95d6afaffbab7c8c7c00129,4,2018-06-20,7,None,1
89dbce7eef62bb0a8dbff1fbd4271efb,7,2022-12-13,3,None,1
89dddb6e553cc6a995730abd850b716b,1,2019-02-16,4,None,0
8a003bdd523521649780e2fcaa863831,2,2019-04-08,3,None,1
8a232367fb137badbc8c15b4308c7f7c,2,2018-07-01,1,None,1
8a4969e16f2a4ebc1b0c7484eaa6ad22,2,2021-05-16,4,None,1
8a9a411bceb65962b6282e0568536afe,1,2019-10-01,1,Partner,0
8aa431bcba2968481d7f04676e65a6ab,1,2021-11-21,3,None,0
8b0af7566d9be8713de2455879c72dd5,1,2018-08-31,5,Newsletter,0
8b137821e9cc9693952be946b907412b,1,2021-07-05,6,None,0
8b1634a80c7c07e227c36b551d0efb31,3,2018-12-30,5,None,1
8b17540d48c174147db76e8b5f71d751,5,2021-08-04,1,None,1
8b68e48d3954b6d71c687a1a611cced5,1,2020-09-09,1,None,0
8b8989a4785b8f85a0f99e86d7fc1e6e,2,2020-05-03,6,None,1
8c5cc39cc84f672a9bbe242f3d74473e,2,2018-10-05,8,None,1
8c861554c7c5925f07549c6c82307057,2,2022-04-16,4,None,1
8cab6aa76af27256f5c54b46a2574cb4,2,2019-06-13,1,Newsletter,1
8cc59dfca9c658ddc975fdad0123c01b,4,2020-12-28,2,None,1
8d1a50965ee642bb4059d4909e921259,1,2020-05-26,5,None,0
8d71133b86cde020d5f43aec3075d9fc,1,2021-10-10,5,Newsletter,0
8d95252135a78f202e1716087f84e353,2,2018-03-28,2,None,1
8dcf4abd48383fdfcd64ee7c4e74438a,1,2020-05-07,6,None,0
8de7c574343e64aff6ababb08357101d,3,2022-11-02,6,None,1
8e034ecb9ea93432fea9a043aa41d034,6,2019-01-04,3,Newsletter,1
8e74312097c7e7fc4d89ccfee0cd9efd,3,2019-06-27,2,None,1
8eba265e1c3cd4227ba4aa7e8d5a7a25,2,2021-11-12,8,None,1
8ed517e2159d51580a9b7c2266a8c32a,7,2020-01-04,3,None,1
8ed8cfdcb4b20e80b4a9efb8067f7bec,3,2021-03-19,2,None,1
8f09337113066d9fe7be8ea5363a01a7,1,2020-10-20,6,None,0
8f11505aab5b80eca03655df9717041d,3,2021-01-24,3,None,1
8f75ebcd087a6f2dfb09003a39b81d82,3,2020-07-20,5,None,1
8fc52e83e89c66dcd13b03c0c3bc7e28,2,2021-05-04,1,None,1
909c7ad78b985ce7218fbde52f9d6380,1,2021-01-25,4,Newsletter,0
90d4d14211f622cb36a0ce4ea3dd21c1,2,2019-01-11,5,None,1
914db7f03ecd9ad175877ed7458fd523,2,2019-05-27,2,Newsletter,1
918a7035bef13acc81a0ce36d71a9bf6,5,2020-09-26,1,None,1
919f7d084187d50abaa4ce975129fc68,2,2022-06-02,3,None,1
91f0276c723b859dc89d8b9b96ebc746,1,2022-12-18,8,None,0
922524bdaab3e59fd98ca66d650eafe0,2,2019-12-25,1,None,1
922797028c005aee1831ce20ae50af4c,4,2020-03-31,8,None,1
929b90dcf83bde37ed549608fb6424c9,8,2021-06-30,1,None,1
92a77c89546685207d75dd9e5135dc26,10,2018-08-24,6,None,1
92cc7694ac6fc8ce83a8994e0f6b5fea,1,2022-07-26,5,None,0
9394f41f0257e6f73b10f96ab934ce16,4,2019-12-04,6,None,1
94141ac4a811bff61cf172fc909a0d7a,1,2020-06-08,6,None,0
942097159f635860e3d31b3e38e4be2c,2,2018-04-06,10,None,1
94564b5b1a37e36c6001fc68cf80d186,7,2019-03-18,3,None,1
94ce300b46283149514aa31988ce011d,1,2022-03-05,7,None,0
94df5102b634584bc217475010646e93,1,2022-04-09,5,Newsletter,0
957b46cda7cfab07e46d5d9b28a0cbf9,1,2022-09-04,8,None,0
958b4f22a972dffeae697c285f665248,1,2020-03-03,9,Partner,0
959665ec381cf0a57296435a705ea508,1,2019-05-01,12,None,0
95a30bf1b28c75da84f387d1ce795075,1,2020-10-01,6,None,0
95d7f2150f5098f9af847705d83062ab,1,2020-05-25,3,Partner,0
95e09c992d81fa6f4968d4affe49c157,2,2020-10-11,9,None,1
9605946f0d8deba2df79be9577d4df78,11,2021-11-04,7,None,1
96985f82d551d5b67001c599b6f82d79,4,2020-01-19,3,None,1
969e03757675f2c8c3aeb09d391efa01,2,2019-05-30,9,None,1
96b2fe9eabeee8e9ad2342d8b1adb7fb,2,2020-01-03,4,Newsletter,1
96b714dbf408d0dd553f3c2eedc965a3,1,2019-11-20,5,None,0
96d77db2f8bba1a4b8a01decb0a57c47,5,2019-02-06,5,None,1
97031608e4f3b9e14f9b15992337e130,2,2019-12-26,2,None,1
9755a878618a0297a144bf2d89046291,2,2022-07-09,8,None,1
977d9a38c99641eaa0e783970dbff17c,1,2020-10-21,6,None,0
97e0b38ccd3fe0f2d0ba315c152ddb4a,3,2020-09-14,3,None,1
980b7a763bf9057d93ac6a3945b1c6ae,1,2019-05-26,5,Newsletter,0
983b7867aa53cfd174df2e7fe44f3726,1,2021-07-14,4,Newsletter,0
988814d151ff57429e1622fb5f31a126,1,2020-10-19,3,Newsletter,0
98d05c27550e2ad57255ef9b205f9c05,2,2022-03-28,1,None,1
98e9a7bc83714466a9ace1e8ed2348bd,2,2018-11-06,5,None,1
995a317645b1b978a4b8e3e0879e76ef,1,2021-09-13,4,Partner,0
9a3d4d199c86e30693602ecbda65fb5b,5,2019-02-23,7,None,1
9a64c860d4f745910a42ed3920fb393a,1,2022-06-26,5,None,0
9a9135fe44a66dcc797496452732bac2,1,2018-08-16,8,None,0
9af934e6c7418bc3f5a7949475b4741b,4,2021-02-07,4,None,1
9b4ce6088f59411e54641e7dc1f714e1,3,2019-12-08,5,None,1
9b98c2d3e7ea6ffa82a302dce39d3d63,2,2018-10-07,2,Newsletter,1
9ba4ccc3bbd161fa02065862bcf151fa,2,2020-02-06,8,None,1
9beee56e69b75a02af14dcd18d9bd0d6,3,2022-05-01,5,None,1
9c063efe5c11e7b99f84d757152bea65,1,2019-04-07,6,Newsletter,0
9c14539a12feece9bc5ff92f21e9e8a9,5,2018-01-27,14,None,1
9c17e20ef6b8c7c6e72c154e246516ac,3,2019-08-04,3,None,1
9cbd3d4d4bb44aae84e049318e87311f,1,2018-11-01,6,Newsletter,0
9d0e3ff95777751beed877bf801b8819,1,2020-06-19,5,Newsletter,0
9d3c5a669164d2f344a689624693bc76,2,2021-10-04,5,Newsletter,1
9d76f72af0c9aa8557418b3a1356fead,1,2021-04-10,9,None,0
9d7d0c7b0608137bcdce57a185f7221b,1,2018-03-11,2,Newsletter,0
9dac22b57f45df193071f9359f166bbe,2,2020-04-20,5,None,1
9db3fe070addbc06206972ffcd3b172a,4,2021-09-10,6,None,1
9dec060325d64c3b2e35cb7e6896fd8d,1,2020-06-04,10,None,0
9dee683bc35495966b345fdeb38c1507,2,2019-10-23,12,None,1
9e245b39ff323150339456758d43c008,9,2019-06-06,2,None,1
9e6fbf3f619eea689f504fa9f5ce5a29,3,2019-06-12,6,None,1
9e91248539eaf2cf2dfd078631303088,6,2018-10-11,5,None,1
9ef140536c20733aead2be4b555a83f1,3,2020-07-13,4,None,1
9f12907683aa4c6f9f5e307b3d7914a7,2,2018-06-19,6,None,1
9f1bd8921cd27fe50a1b66dc09d26d46,3,2021-12-07,4,None,1
9f3ccf957b3d22148f73fcddacecbda9,1,2020-03-09,10,None,0
9fa9dcebbbb1f9be557ff2e7f6ec278e,9,2020-03-23,7,None,1
9fd065202bfe8ec1e2883a7f5b5c31e1,2,2022-10-04,4,None,1
a0078a6b6e39f13eb8bc15d02b7ea5d7,6,2021-05-02,6,None,1
a0260662d1b26efa9272963373becdc0,2,2019-06-17,3,None,1
a0613710153708b1a3ea09fe6e2d57b2,6,2019-08-03,7,None,1
a0ab41ea2658032c94bc7b249e836761,1,2022-12-27,9,None,0
a0cfbad3bff84e0764ddf44df5fbc6fb,1,2019-02-09,3,None,0
a0ff609295b55731e0996e7bc76e84e7,1,2021-10-28,3,Newsletter,0
a1339dfb7ffbc56d59ccc7f6da5ad3df,2,2022-07-03,5,None,1
a17b8a7f8589b305cce3c42b8b5ef670,4,2018-04-14,1,None,1
a18d94142233c63473140d5ef1e87a5c,4,2021-07-19,7,None,1
a198621edfa7b7856604fc5fec65863e,3,2021-08-11,7,None,1
a1b7efea13530b143047c65e824c6167,2,2019-08-06,1,None,1
a1fa93c5883f2a310f68932f6a5cdffd,9,2021-07-25,5,None,1
a2955f826297f9bd331293f30c2673e8,1,2019-06-01,1,Partner,0
a29ee7e92fc7daee8a29838a170540e3,2,2020-04-04,4,None,1
a2b1f0ef8cecc925dfe075167d40a4ae,1,2022-03-03,5,None,0
a2cb460231dff82e43c6c53c53612dd3,1,2020-02-11,12,Newsletter,0
a2fa5fabb21861a80a2e69be0f657d95,5,2018-07-28,3,Partner,1
a3195108f431bab5f72a6181442c9aa7,2,2019-10-10,6,None,1
a3500f24ba702769762562efde795bbc,2,2019-12-13,5,None,1
a3a9fd4f4f0e502a20bb4ad85374f39c,3,2019-01-21,2,None,1
a438105716185df72e8da2f7a50f69b7,2,2022-12-03,11,None,1
a46d882cbc934613d6cbe50f91d33694,2,2022-04-03,3,None,1
a489df233d8da97cd7bdbd227eb15299,1,2022-05-31,9,None,0
a4dfa10a00764e68df7c6a100d964a34,3,2020-04-24,9,None,1
a51d4aaf6a35df01bdee9ff4dd39a287,2,2019-01-19,3,Newsletter,1
a5332ba834b0d8c3df9ab1cea915d05c,1,2021-03-01,9,None,0
a53d49d5dafc9417efedfb0a8507279e,1,2021-06-24,10,None,0
a5957eb9055435d95a7bbbf7b55b10ca,4,2022-12-25,4,None,1
a63f233ab499daeccbb4a1b4d65afd05,1,2018-03-01,7,None,0
a66860ac33013f7e21edd288c599df90,1,2019-04-17,7,None,0
a690adbd072797e4e3341815927c6125,1,2018-05-30,7,None,0
a6d875f5f1ac07f362426b216e93ebb1,2,2022-09-09,12,None,1
a706b401c8bcd4920bae118ca1523186,3,2021-05-14,9,None,1
a72de17638e4563ba2f88570434980ee,2,2020-09-08,4,None,1
a73a13a480098f335586df059a2a181a,2,2022-09-02,2,None,1
a76b45be7d240e62d7a61d0251cbbd31,4,2020-05-16,5,None,1
a784ef5227b17a32d6471ff23c79db33,8,2020-08-27,9,None,1
a7f5597d5f6c1855f2bd2cc693548f80,4,2021-10-15,4,None,1
a80dfdc66c4eb01f9d1f50a3cb073fde,3,2018-07-26,6,None,1
a89f69e54ddf1414b4ba18b260ff169f,2,2021-10-07,5,None,1
a8aae61cd61c152ad98004d800db47fe,1,2020-12-20,6,Newsletter,0
a8bdcbab27d3ab52afe4127243a91bfc,1,2021-02-02,10,None,0
a8cf5c305a3a730f9835a18097412dd6,2,2021-03-10,1,None,1
a8fd98214c7b14340e5824c205f07f92,4,2020-10-09,5,None,1
a9335baa17439561b277c389d2e83db8,10,2018-04-07,1,None,1
a94ca4ef5b59c5a4f4fc1c2db810f149,1,2021-07-08,4,None,0
a9553cdca74ad8f52c49e395072ba99c,1,2018-12-28,3,None,0
a9da1fc9c9162cce166bb71a6f9b97cc,1,2019-04-02,7,Newsletter,0
aa0271aba375d7cf8630ff3b38e6a8d7,1,2019-05-04,7,None,0
aa87364b767217c402d31266d5b3eb15,1,2018-02-15,6,None,0
ab35edba08f4aca11cd2811980eac6f0,3,2018-08-19,5,Newsletter,1
abe8c1940a2390c3eee39ca6778550bb,2,2021-03-16,9,None,1
ac2f9a606e5c5cd82410d67860fd1737,2,2018-12-18,4,None,1
acd0227fa150c9692f96f2a423c0b20d,2,2018-07-31,8,None,1
ad36af1ed5c9b3f1ab67a7e8dbfca2a6,1,2018-09-10,11,None,0
ad4a685540ecf0092c142502bdf06151,1,2019-04-22,2,Partner,0
ad8c3e178286c597a04a9926cde8dd2a,3,2018-02-04,10,Newsletter,1
ae67193314437f964fce0f7fba9fbe02,1,2018-07-20,4,Newsletter,0
aea6f3a99949b0c2b5f8fd6f89d51bb8,1,2021-01-02,6,None,0
aef1945a06af78939ccd44eb1eaeb365,2,2021-12-30,8,None,1
af3e717b6ac470b1b9d9cd8ee75dc81a,1,2021-12-18,4,None,0
af626054ffd34fe77ca3b1efcb80ea83,1,2018-01-12,6,Partner,0
b02527e64c12216bc3d198e4390a10f5,9,2021-09-04,1,None,1
b0775acc709b8c3a1e21a03cd1521337,1,2019-04-06,1,None,0
b083a7b6b16f61b7cc0aa4f861d22044,2,2021-08-21,6,None,1
b0d6c75634c91888f8625a505bda09b6,1,2019-06-29,1,Partner,0
b1422ff08d444f9d9d84f0febeb0a3e0,6,2022-07-04,6,None,1
b1658fd9777e56e20e6800d937423642,2,2022-07-19,8,None,1
b1d92fa337ba1b04c7f8d4764c93c02b,2,2018-07-29,6,None,1
b1f69cda583a5afa12d9b461e2ede1db,1,2019-09-13,4,Newsletter,0
b20881c1e74f52d6a3efd70353df49b1,2,2022-09-20,7,None,1
b214a8a6061406e897b266aa111392dd,1,2018-08-27,7,None,0
b26db6f09ddb4f54c1484623bef0a838,1,2021-11-17,8,None,0
b28cd9ba77fa577e1675775f0d1ed209,1,2021-01-09,5,Newsletter,0
b2b7a06969b9a084437d39dc30ef4e61,3,2021-05-17,4,None,1
b2e05e81578bb1813cac16dff29a5a8a,1,2018-07-30,3,Newsletter,0
b34c484fc0929288f107678db1204910,4,2020-04-03,2,None,1
b37c512ce002a0923fd40db0c4f8a92c,1,2020-11-05,6,Newsletter,0
b393e6269dd45603bb33599314e2bb0d,1,2019-02-01,4,None,0
b3d24889a0c90573cb66b1e1c32f9370,4,2020-08-28,1,None,1
b3f1d616933cb28699cfef3220930c5a,10,2022-02-10,2,None,1
b412484d29ac109b6f65b1f3b1c678cb,1,2022-07-20,9,Partner,0
b413e9ee478bc86d2502b3f331e9b242,1,2020-03-15,12,None,0
b48f6d87924dbd22dc303ff4d4338b08,2,2018-11-16,4,None,1
b4dff2b92b88aad6881b62307fb5167e,2,2019-10-03,5,Newsletter,1
b4e3f0cd2739caffacc2c08ca4d38326,1,2018-08-01,5,Newsletter,0
b57166fb456ef09d4158cc7236358888,4,2021-12-23,10,None,1
b58f5bda34e27503681cf4bd53fa7a51,2,2018-02-26,8,None,1
b59f82a5d49d119a044a4b81e23f0054,2,2022-03-18,7,None,1
b5afeb8d6f2b2a42c359030c35905cda,2,2020-03-07,1,None,1
b5ebedf2f717f4dff7c7e643bb6ba2a8,2,2021-07-27,5,None,1
b5f0509dde921739f61f0beeb58e6999,2,2019-02-21,7,None,1
b64416b1795bacfecaa2f9ddb9754067,1,2021-11-10,2,Newsletter,0
b654d94040f4ecd92ae2a2bf0caf5721,1,2019-10-02,1,Partner,0
b658da2682cfb1f7cac7033db5e82126,1,2020-01-18,6,Newsletter,0
b65f3a5c072c1ca230d702ab8926822d,3,2021-05-28,3,None,1
b7207c20d989d83f8e99be57a1b09994,3,2020-04-19,8,None,1
b7250812d2b69486bfc0c14b5cdc343d,2,2019-08-13,8,None,1
b7252d51cec376002407bb5381e4fd92,1,2018-07-11,8,None,0
b7265ed223f3df977254360fcf2def0b,2,2020-02-17,5,None,1
b72d8b802b5f4983efcb42ee8116c900,1,2022-10-28,9,None,0
b7851e0f7667788ce05b80d09618df67,1,2021-08-15,4,Partner,0
b8700bf7496346e2004ee41f6e7c9c47,2,2020-07-21,1,Newsletter,1
b8cd81f7efabcde9d9993c80820a0452,2,2019-01-20,4,Newsletter,1
b8f78b5203d744037486d37522010b26,2,2022-01-14,2,None,1
b96509a7df804efdf14a52e13513bc62,5,2022-10-30,10,None,1
b98c0b8b4bc2ccd43ab1a3bf076fe15d,2,2020-12-21,10,None,1
b98e8ff07f982033d9fb807831667482,4,2019-08-16,2,None,1
b9e9f58198b2df4749493961bb8468cc,1,2018-11-29,4,Newsletter,0
ba270a297f01a872c15e2e6f5f9b9bd3,5,2022-10-10,5,None,1
ba7d5f1618c6c965af2b1ac549fb3ba5,1,2022-01-20,5,Newsletter,0
ba8e567a563748ecca0e0cc179bba4e9,1,2020-12-03,6,None,0
baf5848540ab301c8d07a30062a836d7,4,2019-11-15,1,None,1
bb6e6f6d5848d9319d71d7b0acf3af9b,3,2021-05-26,8,None,1
bb88af7175d5572be8abdaf344f8765b,6,2019-12-14,2,None,1
bba50f9a2d7db90d2933ddb69ed244dc,4,2019-11-22,5,Newsletter,1
bc6a0f818335310b917f61c85888464f,1,2018-02-18,6,Partner,0
bc8168c253f12ce188e5fb47a824498e,1,2021-10-01,6,None,0
bc8b16eb4785fce239846b2ca0572aa7,1,2022-04-12,4,None,0
bca81b65d05294e19357798607800b88,4,2019-12-05,7,None,1
be82f833aa264e7f4be1dfef9750fbc0,3,2018-05-12,6,None,1
bf76bd21ea330d0cceef4c8431ed5771,10,2022-08-28,8,Partner,1
bf7bfb35440e0f08c64b43a4ea7cdd1d,2,2021-06-17,9,None,1
bf8fc3501c56a8398c8dc70eb5b273e8,2,2022-10-21,8,None,1
bfa7b5089aa5302191d2e0dce0ad89c7,5,2022-11-27,2,None,1
bfdc746a8c9c7a8555a7fc0bd3b89ca8,1,2018-03-18,4,None,0
bfe3c8a047a58d19f8b722460f625683,1,2020-03-10,2,Newsletter,0
c012964f5331b4bc6d87c530d58a40f2,2,2018-05-08,5,None,1
c02332a8f615ea1b32063a8f56eaaece,4,2021-06-03,3,Newsletter,1
c054d33e7286833b82b8358c467253a8,1,2021-12-11,3,None,0
c05f88123f60c7263962eb0024f62426,6,2020-07-16,4,None,1
c148f596210914d6fb836a9dae2ed2b4,6,2019-08-10,9,None,1
c15baf67739d18dccdd451bdf0f102ba,3,2020-04-30,6,None,1
c15f877d2a2ee8ea9e04ad83875cc082,2,2021-12-10,6,None,1
c17e20b659fa625d33f86d1fd6a4e8f3,3,2022-09-14,2,None,1
c19fd3ebd0475460ff36226ecdc87f2a,2,2022-01-21,5,None,1
c1edf2825ce81caeb773101626fb81c8,3,2019-12-20,3,None,1
c21cb94a0ca5f4d8b33fd106aec38138,1,2019-05-14,1,None,0
c2aad3224f27a2fb0d8bc4fb2b19678e,1,2022-07-25,1,Newsletter,0
c2c421a2a07130bad6bebe8d28e2f7b8,1,2022-02-08,7,None,0
c2c553093909c836899ecc8255e07694,3,2021-11-24,6,None,1
c2c6e96e76564f92118b219082468248,2,2022-05-23,5,Newsletter,1
c335e8c13ca4fb06014685fac3f5b745,1,2022-04-08,3,Newsletter,0
c34dd49730fd04f38247dc5d348e87e1,1,2021-07-06,4,Newsletter,0
c35a6b89e8e55abf8749012f7b73263d,4,2019-07-30,4,None,1
c37d26263b7fbcb0e6308940f4edaa0b,4,2020-04-17,1,None,1
c40bfd4be78b34c61dd936a5e5551ed1,5,2021-05-27,4,Newsletter,1
c433847b7ccc916f2bd0c7b30eb64541,2,2018-12-15,10,None,1
c4916fdb33fd201652f03de3508726bf,1,2020-03-29,3,None,0
c49e44d88d1b1b839d024e82be8245da,2,2019-08-15,7,None,1
c49fce297577b2bffc51a451eb044f2c,2,2022-07-31,8,None,1
c52fb8fafe52267941f1ebdc83cb502b,2,2021-10-19,6,None,1
c5a7af6e919c310d1a697357789b8aaf,1,2022-06-04,2,Newsletter,0
c5ca2858961c8b48d2e225d0f962a575,3,2019-07-20,13,None,1
c6db76b8b501f496b04cd3d2e0de4c66,1,2018-08-21,2,None,0
c6f5d0384d1c47ea1e4fcd2a12002ff0,1,2022-08-26,4,None,0
c70431ed455ee00586c92bc52c0383da,1,2020-02-16,3,Partner,0
c705eca557c00a0688ae0505981c2a01,3,2022-02-13,7,None,1
c7336f4805e25796b0cf0b90edd00a39,2,2019-09-01,12,None,1
c833cc947f77a98deb3231f61f9852f6,1,2021-04-14,4,None,0
c877fce02ca5ad9147494d131296c86d,2,2021-09-02,7,None,1
c8f2a290402a797028235fec28e3e03a,8,2019-01-28,3,None,1
c931cda2df2199a7b9f07b360dec399a,1,2019-06-18,10,None,0
c96787172c888f8d01fde32b7519dafd,1,2019-07-02,5,Newsletter,0
c96bed9dcee0e7121c778fe1160cdfee,1,2019-06-07,8,None,0
ca9212d004536be18d63c1a5e981bd5e,1,2020-09-21,7,Newsletter,0
ca9663af8ca92d388af5a105f2f3cfad,4,2020-05-20,3,None,1
cab8d64fd1956e81737c9bf5c88600bc,2,2019-08-23,5,None,1
cabd7bcb6a22ed62165ac2782da73555,1,2018-04-16,4,Partner,0
cafe3368ce03ee5a951d82578d2707be,1,2020-03-27,6,None,0
cb5c11c2ce6b96dce4bb432af1320348,2,2022-04-06,2,None,1
cc04446a5128dfbb5631989ffecbc648,1,2020-05-17,8,None,0
cc0e0d1b658f6c395f4063cb1a61ae09,1,2021-08-25,3,None,0
cce5312775a1ab50af79883cb10e09d3,6,2022-07-16,6,None,1
cd418ceb570dcee5dd6efccdf101eff4,1,2019-03-11,1,Partner,0
ce05431991359abf9f830ea8ea73f39a,2,2019-09-17,6,None,1
ce219cfb523002dc29afc7c4e16b1623,1,2021-03-12,9,None,0
ce3634ba31aaec4f5bb00a55ebf30a0c,2,2021-08-09,7,None,1
ce5d868d38fe7fc94fc64f15d8f1db37,2,2021-01-01,7,None,1
ce6fc1156618f3c2ee7296627f1747c3,1,2021-09-20,5,None,0
cea6bb71b51cb9e844ea1643063699c1,4,2019-10-16,5,None,1
cec92c36a2660ab6104d149819db4f53,1,2018-01-21,6,None,0
cf07a731689b8816cf409d63131df7f5,2,2021-04-02,11,None,1
cf26226b727e87404eaea7c2b3ed32b3,6,2018-01-19,8,None,1
cf342b6ddab7a62a9830eef111661129,1,2020-05-12,9,None,0
cf56f6efe0368aa66b6c2f36d85286b9,6,2020-02-19,5,Newsletter,1
cf612e8d199857651af77d38a68a62b5,3,2019-07-24,14,None,1
cf72fdfece0286784644b1b38a0209b8,1,2020-04-08,6,None,0
cf868bd00201f587979dffa2da90d9b3,3,2019-02-07,3,None,1
d015f514612702dc2dcc36936e064aa8,1,2018-05-29,6,None,0
d01d1e0be66a4f6161ddc4ca5be1c7c9,1,2018-09-11,5,None,0
d027f48f720ee68b391f29ffbdfff3e0,1,2019-08-31,5,None,0
d159ec2a3118fa0a1b57b748177fe63e,1,2019-03-08,1,Newsletter,0
d1b84e3896c8bf0f4aad25977391eefb,2,2022-12-19,8,None,1
d246ca70d37a0050a68ec666ea9d32da,1,2021-09-24,4,None,0
d2acc965c9ab1ccae9b96a2844961d92,1,2022-10-23,10,None,0
d31de4cd82d2576325cbbd58c3e6694f,1,2020-10-15,6,None,0
d35dfb6303bcfc6b58f1e37143120028,3,2018-04-15,5,None,1
d3f661c2eb74c6e39581a03d90b3d311,2,2018-01-26,4,None,1
d44ea2685419b37204093f2520c4345c,1,2018-04-23,8,None,0
d49d564071c1350c4f3a02d66a28aaec,4,2019-11-06,3,None,1
d4e6965878efa634939d1567fa82f01d,1,2021-02-19,3,None,0
d53ccb25d8a7248d676f95912805355c,1,2022-08-24,5,None,0
d566a952f1aea0dc9ba2dd16c8c17e57,1,2022-07-17,7,None,0
d5687e185e1d587f26b5eacd9e8f3113,4,2021-02-03,7,None,1
d56ed2b3a398d2bc27eedfe3a735af93,2,2020-11-28,9,None,1
d5c0208c75b4a24ddef089deb0b365b7,2,2019-08-22,9,None,1
d5e84f24e80d2c0d05ab03ffe1575a3c,2,2019-10-09,8,None,1
d5eb02505cb884c680cf263a29720296,2,2018-02-02,4,Newsletter,1
d65b25e83e4c0885b0fc5da243504b2d,4,2019-09-02,5,None,1
d6728e63708faa086554cf15c61ba81b,1,2018-05-03,9,None,0
d6869926f36135d248a7848a28de574d,2,2020-06-26,6,None,1
d6b036ef8e7e285c0184d97f8e134127,5,2019-02-28,5,None,1
d6fbf253cb74367677ede895d419e2a3,1,2020-08-06,6,None,0
d734ea994f09f336e84ba5f3ba451099,1,2018-12-20,2,Newsletter,0
d749f4a2abdea89b4c343165aca6a2d0,1,2020-10-25,6,Newsletter,0
d74a1e73417ddc434f9b2ba4e826c045,2,2020-06-13,9,None,1
d7642963cb1d7ab996f42756dd709011,4,2018-03-06,6,None,1
d798e5a56aa30c369d0d50e34b9c8567,1,2019-03-02,3,None,0
d7fd8ced3e4a60da371e53f598f92dcd,1,2020-05-05,1,Newsletter,0
d828967f3dd9ba563adb84bd01662c34,1,2022-10-12,9,None,0
d8785edbb35176471725c685709acb88,1,2021-06-21,3,Partner,0
d8801f189185532e3d2ae8f0173d5737,1,2021-12-31,8,Newsletter,0
d8afa08569f1f0ec0c1538850c0ed72c,3,2019-03-06,1,None,1
d8d4c771ed63cff76e1c6705efc9a3f6,1,2020-06-12,7,None,0
d93a9a3d01dff28dd4a71dac1bf171a4,1,2021-12-13,6,None,0
d93b5f434b9e25f51d8e2c5e04da4720,3,2021-08-23,4,None,1
d95a2bc8b4d956b6867dae905782add7,1,2022-02-03,2,Newsletter,0
d98bdd9a29e0568e656e2bc4341ba239,1,2019-08-29,4,None,0
d99bd05f300c3ea9f621b5ff499a9574,1,2022-08-10,6,None,0
d9a1e3aabbc142c357cede93f407efda,2,2022-01-09,2,None,1
da34f8e933eaa46accb42c322b46656e,3,2020-05-08,8,None,1
da88357f797c0a03fd5b68e7910f466a,1,2020-07-17,6,None,0
db3eb46ef0cc5545fb1d0d306bd87ffb,5,2019-06-08,2,Newsletter,1
db73381060ef6202d9301c210bbcabec,2,2019-09-24,4,None,1
dda028bb46785ad9335e66640cd21c57,3,2021-06-28,9,None,1
ddb44d0a47ca68b3ff5a6dbb16681653,1,2019-09-12,10,None,0
ddd6c9b31f2b6e5fd5fc4bc5c223aad1,2,2022-08-22,10,None,1
ddec6545cbc4327b0039be7ef64132ff,1,2019-08-25,7,None,0
de30b751742b0e54429a3afd0c9b9a6b,2,2021-11-18,3,None,1
de97163917b9ee99972aaa22b3f0deb1,2,2022-12-17,1,Newsletter,1
ded6f2e3247bf05d9b2e15e105526228,2,2022-11-10,1,Partner,1
df5e7299cfe9396b92245ff653c937d4,9,2021-04-04,5,None,1
e00fb0934e117817aa5c0ecd9e571293,1,2022-10-06,8,Newsletter,0
e071c852a3ae2a6779f204d4b80ad32f,1,2020-03-25,4,None,0
e0dd5f595a2523feaea4407a6769800d,3,2020-08-03,11,None,1
e125a797f8055b6bef16c622548ed6a7,3,2022-08-21,5,None,1
e1b0e8957329fb3d9909f12ffa6e2973,3,2020-02-02,3,None,1
e1fc13281b62177bb728584511db6122,1,2022-06-25,4,None,0
e222064ec955aae6f7bfbbd96cd5db81,4,2018-02-24,6,Newsletter,1
e22c4cb15c861cbd1dbf804b2d7f5544,3,2019-06-03,8,None,1
e2fa6bdc1501a08b2dfe0a774f571d26,3,2022-05-19,5,None,1
e3c45beeb94f6961a23a92e3b0f56cac,1,2021-06-08,1,Newsletter,0
e3d39420998bd61d45114138e853486a,2,2018-03-22,2,None,1
e3e2c68b8790f5c8a094e494b4789272,2,2019-09-20,8,None,1
e3f5dfe432478e950233945273feaeb6,1,2020-04-25,8,Newsletter,0
e40fc9958e0ee916f1a5ab60c5737638,4,2021-10-06,4,None,1
e420580877b1d2310e101b060c03f92b,2,2022-12-15,8,None,1
e43e9a493764c16e7661f0278384005c,2,2020-03-12,2,None,1
e4dcc160faaefbcabf994dfc7a7ac70e,4,2019-08-11,6,None,1
e5949af17a01c2fe64f820612b966010,5,2021-09-12,5,None,1
e5a10a7703c7b85e9a107a43adacb9e0,1,2019-07-25,4,None,0
e5bb148922d2ec04ddde41ed6fbc4499,2,2020-12-13,7,None,1
e5f3507126f8afc067536b4dd589484d,4,2022-07-01,10,None,1
e6b664ab11c2b68fbb8fe81b96f77819,10,2021-09-01,7,None,1
e6d54d4926caa60c9e70fa8c0d9bcc3d,4,2021-08-14,2,None,1
e6f6477ec8177300c08773ff3855088b,2,2021-01-28,2,None,1
e71c6a8b28171188f534279045f226f0,4,2019-09-11,1,None,1
e7550315e95495ee2d8a4f9c88ae52ae,5,2020-05-09,11,None,1
e7885f3de55338e574d1890ee9946ad5,4,2021-05-06,8,None,1
e796d50dff538e2cf3da0ed8ec2cfb6a,5,2020-06-07,2,None,1
e7af1969af521bd845890ed236e62841,1,2022-10-19,8,Newsletter,0
e7c2c1da3302487b03810c66206ab593,4,2020-02-28,4,None,1
e7d94ff088b6c3ff222074835e25fd12,1,2022-01-28,7,None,0
e91fe50df790550c0d015ce4bbf563a5,1,2018-10-28,9,None,0
ea0af49530d909dcc31cf82afd5e6a6b,1,2018-01-15,6,None,0
ea4ec8ead338012752a046e86325d2ea,2,2020-11-24,9,None,1
ea813632a97d8a950bfecbbb9ae506b6,3,2019-05-21,3,Newsletter,1
eaced9a04905d692332962973c0a9e33,5,2022-07-13,10,None,1
eadbdd35df554a982f0c8fd398b43930,1,2019-05-07,7,None,0
eb0fe74716cd383a69c1d5c22dabaf1f,4,2018-04-17,7,None,1
eb297f3291f34bcdc277db3872010173,1,2020-10-30,5,Partner,0
ebdb8e65afac383e48aedac91a2c2665,3,2022-05-09,6,None,1
eca4525d43bef93caa15b2f4ac258d8c,1,2021-12-02,9,None,0
ecaecd37d75784e39bc06d9ef4ed2a01,2,2022-08-23,4,None,1
ecc62d9983368e95496da2ecc04d9f84,2,2022-03-21,5,None,1
ed1668afdb9671c398b1bee8a9a9a8f3,1,2021-01-31,4,None,0
ed2d90ba9bd92cf660491b3a682ce1f6,2,2022-04-07,5,None,1
ed32d95a083e751f51ab29467c3c0f10,1,2022-06-29,7,None,0
ed9a1d81d2e2907d17392aa7957b7483,4,2020-12-09,6,None,1
edb1b626afe5470e409e79dac41c27d1,1,2020-06-03,3,Newsletter,0
edb656d90cd200347ccc5aeed693e0c8,7,2020-01-24,10,None,1
edf08f493cdd57a939ae51b92382da4f,1,2021-06-09,7,None,0
ee013c7219e907791c3686c65aa107a3,2,2021-06-06,2,None,1
ee1f7ee9cb5aa25301fa44bb7a97ae26,2,2020-11-15,8,None,1
ee20ef26c05cc7fb6c58892eee55cb6f,3,2021-03-08,11,Newsletter,1
ee47cfe4d9ed345da267a08591101ba5,1,2020-03-05,1,Newsletter,0
ef188004ed2cc57ee9885bdab70b7f95,1,2021-07-03,7,None,0
ef272611ffdab8a83dab33a458659c83,1,2018-08-13,6,None,0
ef4689c978c67dbf4a7eb6b98042b465,2,2022-01-05,4,None,1
ef99edc17925ad11ccd2a1f5f2004b24,6,2019-02-20,1,None,1
f07680b815cb9690d30819212cef6e24,1,2020-10-10,6,None,0
f0936542bd0e50ec0b174d72e063c66d,7,2018-09-13,1,None,1
f09e732de1fa48adb91f37d1b03e7a51,2,2018-03-20,4,None,1
f0ddd64be00c5ef27ebe691d51a4369b,2,2021-10-23,3,None,1
f0eb25b1a98a9f6476cec9c16794be31,2,2022-12-20,3,None,1
f2a3e930e72b3b03da077e410b84349d,4,2022-05-30,1,None,1
f2c600504658a8810c21eee436bf8976,2,2019-12-07,1,None,1
f2e12992bec6f48fe3eda53c65f2e9c9,1,2021-05-24,5,None,0
f30f0e45d98abf97576dc8703a5f6b36,1,2018-09-05,6,Newsletter,0
f3749cf7edfdce4b51c8f88ebe8b4e84,2,2020-02-15,8,Newsletter,1
f40c2381fd713e0c2e1e151e8abdbe12,3,2019-01-03,4,None,1
f45dfb776e30ab0ed6191791de1d6f3a,2,2021-06-23,10,None,1
f4834ab86ccf2c76795b4c28850f1b17,1,2018-09-30,10,None,0
f49d0939681d321f8ba2385cc370b9bf,1,2020-09-25,6,None,0
f4f87115b082b2ddbfb26822d8a55bf8,4,2018-12-29,13,None,1
f52b73e24bc192007935f8e1ebfabd84,2,2022-04-22,7,None,1
f55eb0cb35ed540ecc41de4093aa6aac,1,2021-12-12,10,None,0
f6657c372bb79356ed1c3973d48f31b5,2,2022-02-14,11,None,1
f66876ba2dd15b3e32f5fcc34d43403d,1,2022-04-19,2,Partner,0
f684768dceb85a42ed4ed7dc4e299942,1,2019-02-22,8,None,0
f755859941992b3c43b2cfa08800b453,1,2019-06-15,1,None,0
f91d5de0697965bac48933d1152846d1,2,2020-12-17,4,None,1
f9714879dd023e8c7d32c7b5d71d99a3,1,2022-03-06,4,Newsletter,0
f9e2f00e271f394f96e9a07f981e2dce,2,2021-08-10,5,None,1
fa0bc1bc00e1de503ea5f2bd26f4f0ac,4,2021-02-15,8,None,1
fa2246c2435de2ca31f0e9806ec62c0f,5,2022-05-17,9,None,1
fa6a076d082222898cd380295c208eff,1,2018-06-21,1,Newsletter,0
fa7663183e7dd645f6c4f5e7daae95a5,1,2020-06-28,5,None,0
fb072258abbc7680be9155fce6a13d7a,2,2022-05-18,11,None,1
fb2296c80caebc5d4a89b872ee1f8958,1,2021-07-30,7,Newsletter,0
fb2a9e5a0f4f2db571b6df30bdef2b22,2,2019-01-31,9,None,1
fb35fd7874b3adcbc7b4ee0de253aeaf,3,2022-05-05,3,None,1
fb483c0599330df02cd7ef6276d533ea,1,2020-03-11,6,Partner,0
fb51e4a58ccf3300852726bd26cfb9ff,3,2018-02-14,1,None,1
fb6200d7c22996e24bea268aebb9047f,1,2022-06-27,9,None,0
fbaea801b353f0a1eaa9ee83d15cfa1d,2,2018-04-26,1,None,1
fbcf794cf9cb247b8b6ff9ce5180830d,9,2021-04-19,1,None,1
fc388ed02152330eda4f17f55a577e6f,1,2019-11-18,7,None,0
fc5febd60fbc14fffe48c5bb415bb670,4,2019-10-29,9,None,1
fc9c32ab1bad5b819fe08efbfeac0ced,1,2022-02-25,1,Partner,0
fced5ec02c90c93d746ea15907834c58,4,2020-01-21,7,None,1
fd20e043782f67fd9dc56c70181ec82e,2,2019-03-13,8,None,1
fd2ebb6d2f2bb422326230965e48e7c4,2,2019-01-12,10,None,1
fd6ce11467d03ddabb91f90a204596e2,4,2022-03-20,3,None,1
fd70b098badc532a15ae55e2cbb64178,5,2018-11-13,9,None,1
fd876a112b5b6a0e172a9c01a7b00271,2,2019-12-28,8,None,1
fd9ef8c37a89fb2c28b1cb928553aca4,1,2020-04-27,2,None,0
fe8e3c93c8f30cfd0a878a3e5e39bb0c,8,2018-09-09,7,None,1
fea9c352c7598c0db702eb55830c05cf,3,2021-09-15,9,Newsletter,1
fea9eaef62f6e5e43095223a841ffc2a,1,2020-04-28,4,None,0
fee9dfba35eb4983e207e4638008a704,1,2019-01-16,5,Newsletter,0
fef920e30477dcaddd49202aa4c984b2,4,2020-09-28,10,None,1
ff43bb8494abcded3434f9c7f1a10d10,2,2020-12-22,2,Newsletter,1
ff4e95449fe80aed295ff4c64338ace4,4,2021-03-31,6,None,1
ff5a5984a08600f1e05af2302f999f0a,5,2021-09-19,6,None,1
ff8654af742fc59ef91d55b19303f5f5,1,2021-10-18,3,None,0
ffe7ec1e56129e1d80ee1676fb054be7,1,2021-08-17,6,Newsletter,0
