customer_id,transactions_num_later,value,quantity_later,max_date,discounts_later,total_purchases,acquisition_date,quantity_first,campaign_first,repeat_customer,remaining_weeks,value_corrected,transactions_num_later_corrected
00378459dfa86b57b6f582a316d12034,9,469.08,4.777777777777778,2022-03-16,0.0,10,2019-07-11,7,None,1,42,11.168571428571429,0.21428571428571427
008f155e8c211d9ca127ea9912f0cea4,1,57.3,10.0,2020-07-18,0.1,2,2018-04-19,6,Newsletter,1,129,0.4441860465116279,0.007751937984496124
009d3b8641ccfde1b87a6cda1a2b1ab1,3,280.57,9.0,2022-12-29,0.0,4,2022-12-11,3,None,1,1,280.57,3.0
01cff9d83b648ffb68d686f8c287866f,6,272.0,4.666666666666667,2022-07-03,0.0,7,2019-06-21,2,None,1,26,10.461538461538462,0.23076923076923078
01d9a9e79f6c83e7674574b38eedba7b,2,70.77,5.0,2022-07-15,0.0,3,2021-09-28,8,None,1,25,2.8308,0.08
01ec166e2c60e36751c61355c2c7b0b8,5,328.65,6.4,2022-12-28,0.0,6,2020-09-19,6,None,1,1,328.65,5.0
01fc365bc3be7bd250985dabd2c9fd28,1,38.24,4.0,2021-11-24,0.0,2,2020-12-24,2,None,1,58,0.6593103448275862,0.017241379310344827
024b7e94673f9b399412029143088733,1,44.2,5.0,2022-04-10,0.1,2,2019-01-05,1,Newsletter,1,38,1.1631578947368422,0.02631578947368421
02525fb210c9b493275fa496a2a86fdd,3,169.32,6.666666666666667,2022-08-29,0.0,4,2019-09-15,12,None,1,18,9.406666666666666,0.16666666666666666
02dd9b291b55a2f1e4cf290a2d1dd257,1,42.8,4.0,2022-11-23,0.1,2,2019-11-17,14,Newsletter,1,6,7.133333333333333,0.16666666666666666
03130fac464b9bd658342f6e1ca2198f,4,229.94,6.25,2022-12-02,0.0,5,2021-11-11,9,None,1,5,45.988,0.8
0315e2d522c0da5ed02c37821ba61d58,1,83.68,8.0,2021-06-25,0.0,2,2019-02-27,14,None,1,80,1.046,0.0125
03e74708a6a67fd599a38e1c7da1757d,3,120.2,5.0,2022-12-28,0.0,4,2022-01-16,5,None,1,1,120.2,3.0
03eebd814b23d0fec91899ec6b902da9,1,117.8,10.0,2021-07-10,0.0,2,2018-03-21,2,None,1,78,1.5102564102564102,0.01282051282051282
0404b08839e37a2d84f000b0156521cb,4,217.75,5.0,2022-07-05,0.0,5,2020-10-12,4,None,1,26,8.375,0.15384615384615385
0431aa03d8726c4d1a05098708da1b83,1,80.29,7.0,2022-10-13,0.0,2,2018-09-26,5,None,1,12,6.690833333333334,0.08333333333333333
0457845d99700275eeb1ab50bd7fb29e,1,29.13,3.0,2021-10-06,0.0,2,2018-05-22,7,None,1,65,0.4481538461538461,0.015384615384615385
049da4f8e31a84fbe877e8c238fcd4b9,1,35.58,3.0,2022-08-12,0.0,2,2021-07-07,1,None,1,21,1.6942857142857142,0.047619047619047616
061b9682c71c6cc091e0bc52431bf856,3,101.93,3.0,2022-06-23,0.0,4,2018-03-29,9,None,1,28,3.6403571428571433,0.10714285714285714
06309b73354fa84fdfb03865c4c1f359,2,137.6,5.5,2022-04-16,0.0,3,2020-02-01,9,None,1,38,3.621052631578947,0.05263157894736842
0642ce06ce0b474484b78a873daca128,1,85.41,9.0,2022-12-16,0.0,2,2018-06-18,8,None,1,3,28.47,0.3333333333333333
0690d618c593e8081792c36085b52d03,3,152.94,5.0,2022-10-07,0.0,4,2018-02-07,6,None,1,13,11.764615384615384,0.23076923076923078
06cf7e0f0397241416af6e8a99d09f83,1,62.04,11.0,2021-07-12,0.0,2,2020-08-08,7,None,1,77,0.8057142857142857,0.012987012987012988
07215f54ed7d84d24534f52749f547ce,3,120.71000000000001,5.0,2022-12-19,0.0,4,2021-01-06,3,None,1,2,60.355000000000004,1.5
07784f7ad15db9ef22c4368d81da096e,1,35.0,5.0,2022-05-06,0.0,2,2018-09-16,4,None,1,35,1.0,0.02857142857142857
07d1d3733802f8520f7ff343f4dc1af6,5,282.71,5.8,2022-12-19,0.0,6,2022-01-17,4,None,1,2,141.355,2.5
08b65013e5c66b41bdbb1eb2760fa958,2,137.9,10.0,2021-12-07,0.0,3,2019-11-13,6,None,1,56,2.4625,0.03571428571428571
08e6c0217f2ef157bed0eca2feb9f519,2,90.06,6.0,2021-10-07,0.0,3,2018-11-28,8,None,1,65,1.3855384615384616,0.03076923076923077
0a2ceac8d52299dc582ae39f9c3353f7,2,174.3,7.5,2022-09-30,0.1,3,2018-05-27,1,Newsletter,1,14,12.450000000000001,0.14285714285714285
0b88f5a9f2b70fe17a03de3682376b48,1,60.0,5.0,2022-08-04,0.0,2,2022-06-01,5,None,1,22,2.727272727272727,0.045454545454545456
0bfcbbe1e0c747f5a6d74db05bf6774b,3,154.01999999999998,5.0,2022-08-01,0.0,4,2021-12-06,3,None,1,22,7.00090909090909,0.13636363636363635
0c1164ad77ac9ac81a9833c3a02aa597,2,45.879999999999995,2.0,2022-09-27,0.0,3,2018-03-16,5,None,1,14,3.2771428571428567,0.14285714285714285
0c64cff2738591f00e812f25e306e456,1,13.93,1.0,2022-12-03,0.0,2,2022-11-26,5,None,1,5,2.786,0.2
0e4c87a4fb3b27f4fe14d99f47b90a5c,2,119.39,6.0,2022-12-24,0.1,3,2022-09-01,4,Newsletter,1,2,59.695,1.0
0e85db2d992dd823f0b9f7d9cba8f9df,1,56.8,5.0,2022-05-29,0.0,2,2020-02-24,6,None,1,31,1.832258064516129,0.03225806451612903
0eab69d494fd01fa9f6d6d3956447cdc,3,160.98,4.333333333333333,2021-03-23,0.0,4,2019-04-21,1,None,1,93,1.7309677419354839,0.03225806451612903
0ead22f502016061adc25214dc0dc624,2,159.0,7.0,2022-10-19,0.0,3,2020-02-04,6,None,1,11,14.454545454545455,0.18181818181818182
0f5e91bb7b564feb36292845e9195c92,2,170.75,6.5,2022-11-15,0.1,3,2022-06-15,5,Newsletter,1,7,24.392857142857142,0.2857142857142857
1106b8e55dc39f5c7befb821baa47e4f,1,15.62,2.0,2018-12-22,0.0,2,2018-03-24,10,None,1,211,0.07402843601895734,0.004739336492890996
1126bca14ef701a894373b78a1ac42c9,8,307.39,4.625,2022-12-19,0.0,9,2021-01-03,4,None,1,2,153.695,4.0
11529e6744bcace63eb27cd53becd408,3,108.17,4.333333333333333,2022-11-15,0.0,4,2022-01-22,1,None,1,7,15.452857142857143,0.42857142857142855
1196fe97a1970a346352970c35fff5d1,1,9.09,1.0,2021-11-05,0.1,2,2018-04-05,6,Newsletter,1,61,0.14901639344262294,0.01639344262295082
1200313a48c7d45aa90337ecf3c7da2b,1,112.56,8.0,2020-09-28,0.0,2,2018-10-23,7,None,1,118,0.9538983050847458,0.00847457627118644
134177e1b993365bb1ee807b6c6f8d8e,7,433.02,5.714285714285714,2022-12-27,0.0,8,2022-10-20,8,None,1,1,433.02,7.0
142fe7a8212ee34c0b7663b8e2331e29,1,46.24,8.0,2022-07-29,0.0,2,2019-10-19,12,None,1,23,2.0104347826086957,0.043478260869565216
1620a889dd8b9b6c1b4443773d46b9e0,2,189.73,12.5,2022-10-18,0.0,3,2021-01-07,7,None,1,11,17.248181818181816,0.18181818181818182
165563b98de7346d502ebd38fcd80ec3,2,36.370000000000005,1.5,2021-12-07,0.1,3,2018-08-11,4,Newsletter,1,56,0.6494642857142858,0.03571428571428571
16a12241794517ae4f2d049ddda6c79a,1,14.6,2.0,2021-06-03,0.0,2,2020-06-16,4,None,1,83,0.17590361445783131,0.012048192771084338
1702ce3d803b14501082320e05720446,2,84.72999999999999,4.5,2022-08-19,0.0,3,2019-02-05,5,None,1,20,4.2364999999999995,0.1
1747386902502d3770881bd1231e40f7,1,20.22,3.0,2022-06-18,0.0,2,2021-12-20,6,None,1,29,0.6972413793103448,0.034482758620689655
174cac7896a1a84637f8170b941ad298,3,172.51,5.333333333333333,2022-10-22,0.0,4,2020-05-19,7,None,1,11,15.682727272727272,0.2727272727272727
179af16004970c533452c3ae7625cdf4,3,148.20000000000002,4.666666666666667,2022-07-13,0.0,4,2022-03-10,7,None,1,25,5.928000000000001,0.12
17c4e38286476bf5f53601bcd9c31d4a,4,143.6,3.75,2022-04-28,0.0,5,2020-02-07,2,None,1,36,3.988888888888889,0.1111111111111111
188f140705e0648afeda9f8d4b3cf39b,1,77.04,9.0,2020-12-19,0.0,2,2020-01-12,8,None,1,107,0.7200000000000001,0.009345794392523364
18b76af7f1f55f37094a9139be04afe3,4,217.07999999999998,4.75,2022-11-25,0.0,5,2019-08-02,5,None,1,6,36.18,0.6666666666666666
18c435bb8f3e78b29eca478b58943584,4,293.43,7.25,2022-11-29,0.0,5,2021-12-28,5,None,1,5,58.686,0.8
18e5b61ff706abb025c16d8dcf9f4c92,2,43.75,4.0,2022-06-03,0.0,3,2021-05-21,6,None,1,31,1.4112903225806452,0.06451612903225806
1991354347d582046483d244c0d27c13,2,29.63,2.5,2021-12-03,0.1,3,2019-04-18,7,Newsletter,1,57,0.5198245614035087,0.03508771929824561
19a79a1b3b8038c09c4b9d49e322dc6b,1,59.15,5.0,2022-11-05,0.0,2,2021-07-11,6,None,1,9,6.572222222222222,0.1111111111111111
1a1d5c051567aef0559721758a83a5a0,1,65.28,8.0,2022-10-14,0.0,2,2020-08-11,2,None,1,12,5.44,0.08333333333333333
1a623db30e57769c3e4562474ddf0500,1,49.32,9.0,2022-12-26,0.0,2,2022-10-31,5,None,1,1,49.32,1.0
1acb322f8c5a8cee44a32effdcab3326,3,158.88,6.0,2022-11-26,0.0,4,2022-01-01,3,None,1,6,26.48,0.5
1af8e099e5378a9d70449e81dcdeb44a,3,217.44,6.333333333333333,2022-11-20,0.0,4,2020-12-10,4,None,1,6,36.24,0.5
1c0e0c91966e869a969032fc1a3db77d,2,51.9,4.5,2022-07-04,0.0,3,2021-06-05,9,None,1,26,1.9961538461538462,0.07692307692307693
1c734f00c884a7de8a269c89d5651e3a,7,368.06,4.285714285714286,2022-12-31,0.0,8,2022-12-08,2,None,1,1,368.06,7.0
1db56967e2903f8c54b87180d679fc96,2,110.47999999999999,7.0,2022-12-22,0.0,3,2021-07-01,6,None,1,2,55.239999999999995,1.0
1f3530d65e6c328f0869bd64fb5b6b7e,3,221.48,8.0,2022-12-25,0.0,4,2022-11-17,7,None,1,1,221.48,3.0
216239764d601adf9489974ab531c415,1,43.2,4.0,2020-11-06,0.0,2,2019-09-19,5,None,1,113,0.38230088495575226,0.008849557522123894
221523ff5c29154e0870bc226a4f6acf,3,147.79,4.333333333333333,2022-12-02,0.0,4,2022-05-10,4,None,1,5,29.558,0.6
2217dc034dec29384a23662fa5e67091,1,28.1,5.0,2020-12-22,0.0,2,2018-05-04,7,None,1,106,0.2650943396226415,0.009433962264150943
22e06ab9dce5858583e9ce49314ab8b6,7,502.93,8.0,2022-12-13,0.0,8,2022-06-10,1,None,1,3,167.64333333333335,2.3333333333333335
22f0d05292a396d16fe4a658b789ab7d,2,150.78,7.0,2021-10-23,0.0,3,2020-12-19,8,None,1,63,2.3933333333333335,0.031746031746031744
2313ad9b17b7d5accd427e24b70c9972,2,66.01,2.5,2022-04-05,0.0,3,2020-04-18,2,None,1,39,1.6925641025641027,0.05128205128205128
2339e36fc9d0e5717ecd116b93b07e00,5,156.91,3.0,2022-11-06,0.1,6,2022-03-15,4,Newsletter,1,8,19.61375,0.625
2347a3620ec2c2950fd85fdfc8e321b4,3,253.54,6.666666666666667,2022-04-05,0.0,4,2018-09-23,7,None,1,39,6.501025641025641,0.07692307692307693
23ee4935b24e3377a06ad6cdd909e8ac,1,60.56,8.0,2021-12-28,0.0,2,2021-01-30,4,None,1,53,1.1426415094339624,0.018867924528301886
24676b8a03425a015d9b9942b3d160ec,1,70.14,6.0,2022-10-19,0.0,2,2018-08-03,7,None,1,11,6.376363636363636,0.09090909090909091
248ca7d49a07a98765a6e5470a835f49,3,260.32,7.333333333333333,2020-02-14,0.0,4,2018-02-20,1,None,1,151,1.7239735099337747,0.019867549668874173
24a7d76710600723869573279a4d6e02,3,202.46,5.666666666666667,2022-09-22,0.0,4,2018-10-15,7,None,1,15,13.497333333333334,0.2
24bf702e55f1699e9433ed26908a28f5,6,524.06,8.333333333333334,2022-05-23,0.0,7,2019-12-17,5,None,1,32,16.376875,0.1875
24eebeaef9d0a7b32e3ddca06d3efb0a,2,46.96,3.0,2022-07-04,0.0,3,2021-04-07,4,None,1,26,1.8061538461538462,0.07692307692307693
24f3afdad809186f7a9bba091eabfbe6,3,135.68,6.666666666666667,2022-10-20,0.10000000000000002,4,2018-10-03,7,Newsletter,1,11,12.334545454545456,0.2727272727272727
2538370bd5dd8237c3e65d1bfef4f751,1,57.96,7.0,2022-06-14,0.0,2,2021-10-26,7,None,1,29,1.9986206896551724,0.034482758620689655
259eb8cccf39c5d18e5378bc745c9b7c,5,364.25,6.8,2022-12-31,0.0,4,2020-08-14,4,None,1,1,364.25,5.0
261a5c2c7565ffd3746ea4afa92ecb96,2,51.230000000000004,3.0,2022-03-05,0.0,3,2019-11-02,3,None,1,44,1.1643181818181818,0.045454545454545456
270c50568b1ff1f2ac327aa1c8325ca8,1,5.23,1.0,2019-08-25,0.1,2,2018-10-10,1,Newsletter,1,175,0.02988571428571429,0.005714285714285714
2762372d9fd72da9dc0d4668742f9337,1,57.28,4.0,2022-12-16,0.0,2,2022-08-15,2,None,1,3,19.093333333333334,0.3333333333333333
27adf0545bc7e9a4e42af72508eab281,1,45.18,6.0,2022-06-10,0.0,2,2022-01-18,8,None,1,30,1.506,0.03333333333333333
27bfeb9b3e9b264be7ca827e8e194f3f,2,115.49000000000001,6.0,2022-05-25,0.0,3,2018-02-08,12,None,1,32,3.6090625000000003,0.0625
288acaa725bb80617d71ecca45601d35,3,225.7,8.0,2022-12-26,0.0,4,2022-10-25,12,None,1,1,225.7,3.0
289943351dd15bf79d226014f6e99e10,1,45.55,5.0,2022-04-22,0.0,2,2020-05-29,9,None,1,37,1.231081081081081,0.02702702702702703
290b24fceed86fab9431d114711efe3d,3,126.62,4.0,2022-05-07,0.0,4,2018-01-11,7,None,1,35,3.617714285714286,0.08571428571428572
293faf04bdbc8106c6ad6e64db5cb097,1,106.3,10.0,2022-10-14,0.0,2,2019-01-09,7,None,1,12,8.858333333333333,0.08333333333333333
2962bd3d67196f590647d44a935c3eaa,2,150.78,7.5,2019-12-03,0.0,3,2019-06-28,5,None,1,161,0.9365217391304348,0.012422360248447204
29ab2ac6ca7cbf7f09092199e79e9beb,6,356.72,6.333333333333333,2022-12-11,0.0,7,2019-04-29,1,None,1,3,118.90666666666668,2.0
29b62e87f2fed00d6ef5b61c17b7fa85,1,57.12,6.0,2022-09-04,0.1,2,2019-10-04,14,Newsletter,1,17,3.36,0.058823529411764705
29dc258bd8f37f92152b36a16c179478,3,302.69,8.333333333333334,2022-06-15,0.10000000000000002,4,2020-11-27,6,Newsletter,1,29,10.437586206896551,0.10344827586206896
2ac5051d87d2cd0190b60a22071a9556,2,186.82,6.5,2022-06-20,0.0,3,2018-08-14,7,None,1,28,6.672142857142857,0.07142857142857142
2ae465a026f797decf8593a8951cdd04,2,28.72,1.0,2022-12-13,0.0,3,2019-08-19,6,None,1,3,9.573333333333332,0.6666666666666666
2b323493fc1811c9567e9bb3737a82e7,2,93.66,7.0,2022-05-10,0.0,3,2020-03-17,5,None,1,34,2.754705882352941,0.058823529411764705
2b3ee3182fd47453a41ba0ba784f3eb6,1,75.9,11.0,2022-07-22,0.0,2,2022-04-29,4,None,1,24,3.1625,0.041666666666666664
2bbe5cc8f4ac2a37b7da7bf3aa0b632d,1,56.98,7.0,2021-01-04,0.0,2,2018-05-06,6,None,1,104,0.5478846153846153,0.009615384615384616
2bc475c9a1057b0e3ab823c8f8bfd4e9,4,235.45,7.5,2022-05-13,0.0,5,2019-06-26,6,None,1,34,6.925,0.11764705882352941
2c1c888357e20ae8e322b6e05407aa5c,6,299.57,4.5,2022-11-29,0.0,7,2022-03-13,5,None,1,5,59.914,1.2
2c82dafa2aadb920aaec5fa77cab4088,4,159.53,4.5,2022-12-29,0.0,5,2022-02-05,1,None,1,1,159.53,4.0
2cb61db47c86e4f631b6d8926cc90d52,1,74.56,8.0,2022-12-06,0.0,2,2022-09-19,6,None,1,4,18.64,0.25
2cedf1f8726dc49d42f9ee9abd9da74c,1,98.91,9.0,2022-09-22,0.0,2,2020-10-27,7,None,1,15,6.593999999999999,0.06666666666666667
2d08101145a1e5f80a15fcd1604e67c2,5,271.82,5.8,2022-10-27,0.15,6,2020-05-11,8,Partner,1,10,27.182,0.5
2d13c77303838b8ea465e557b09e564e,4,164.53,4.75,2022-12-04,0.0,5,2022-04-25,11,None,1,4,41.1325,1.0
2e06da0c3d2160f08e2d1ee01572b002,2,184.6,8.0,2022-11-25,0.0,3,2021-11-03,6,None,1,6,30.766666666666666,0.3333333333333333
2e0c35e17e340b7fe489fc8f0510fe17,3,182.59,7.0,2022-11-19,0.0,4,2021-10-27,8,None,1,7,26.084285714285716,0.42857142857142855
2e2a579f4b8a2a2d8b81c9ebbc28e1b1,4,247.87,4.75,2022-10-01,0.0,5,2021-08-08,4,None,1,14,17.705000000000002,0.2857142857142857
2e79a889a4ac7facfd668ab6a8bb5a16,4,318.55,7.25,2022-09-13,0.1,5,2022-02-16,5,Newsletter,1,16,19.909375,0.25
317d01ced926ab11ea106224ffda9dad,1,31.92,4.0,2022-12-09,0.0,2,2021-05-12,1,None,1,4,7.98,0.25
320d565aaa6711ddd4b0540688299594,2,128.55,5.0,2022-08-07,0.0,3,2020-10-26,5,None,1,21,6.121428571428572,0.09523809523809523
324e7f4465a2d84bb9fd07db7ebcb85a,2,113.71,5.5,2022-06-26,0.0,3,2022-03-25,2,None,1,27,4.211481481481481,0.07407407407407407
327729e99f706b84409d2423dbd920e2,4,336.22999999999996,7.5,2022-10-30,0.0,5,2020-06-15,2,None,1,9,37.358888888888885,0.4444444444444444
32b416ce227614383a02ef4933aa46af,1,61.5,6.0,2022-12-13,0.0,2,2022-09-27,6,None,1,3,20.5,0.3333333333333333
331398cbb9f75c6c92a966c5cf98083b,7,414.21999999999997,6.285714285714286,2022-12-23,0.0,8,2020-11-20,11,None,1,2,207.10999999999999,3.5
34234c76e44cf52f52c8e14c9e8a9f11,5,347.77,5.6,2022-10-27,0.0,6,2022-02-26,5,None,1,10,34.777,0.5
344da08ebc007d338bd34904862ca691,2,56.56,2.5,2022-02-02,0.0,3,2018-01-05,6,None,1,48,1.1783333333333335,0.041666666666666664
34ccbcb097ffd231c9c12b598166445c,1,83.36,8.0,2021-08-12,0.0,2,2020-05-02,5,None,1,73,1.141917808219178,0.0136986301369863
35de50a2b26d811e5c559534777cd13e,3,150.61,4.0,2021-07-29,0.0,4,2020-02-26,6,None,1,75,2.0081333333333333,0.04
3614047f647e3270f11be92446506315,2,87.24,4.5,2022-12-18,0.0,3,2022-08-31,5,None,1,2,43.62,1.0
361cf9a39e63e6c5b7f60006e5acd4c5,2,93.14,4.5,2022-07-26,0.0,3,2018-11-26,3,None,1,23,4.049565217391304,0.08695652173913043
378f1e24ba8e24b5125a578af9f3158f,1,47.36,4.0,2022-10-06,0.0,2,2018-10-01,6,None,1,13,3.643076923076923,0.07692307692307693
3800feedc4d386e334b179896167a226,2,97.4,3.5,2022-05-04,0.0,3,2019-10-17,5,None,1,35,2.782857142857143,0.05714285714285714
384810e508ba801c3af4401c4dd2cb43,1,45.15,5.0,2022-11-06,0.0,2,2018-04-04,8,None,1,8,5.64375,0.125
3982d47da9a792cd91247416b1fb260a,2,93.25,4.0,2022-11-23,0.1,3,2022-08-16,4,Newsletter,1,6,15.541666666666666,0.3333333333333333
3a61335021bb5136b1dc5dbe50d183a5,2,162.28,8.0,2022-05-21,0.0,3,2018-10-13,6,None,1,33,4.917575757575758,0.06060606060606061
3a8b7caf6fcd146a1d1400aa2e224a32,1,56.56,7.0,2021-06-30,0.0,2,2019-03-26,11,None,1,79,0.7159493670886076,0.012658227848101266
3adff6f1881104330cedd6ae5477501d,1,114.1,10.0,2022-10-12,0.0,2,2019-07-28,13,None,1,12,9.508333333333333,0.08333333333333333
3b417c2f8449d4ba9ff53f65ed4c42fa,1,63.0,6.0,2022-10-13,0.0,2,2019-04-23,5,None,1,12,5.25,0.08333333333333333
3b762e8813fee739e5037a9c58206824,1,12.77,1.0,2022-09-25,0.0,2,2020-08-30,8,None,1,14,0.9121428571428571,0.07142857142857142
3bb321af1ec78f4fc5530e21c76f98a2,2,81.19,4.5,2022-02-14,0.125,3,2019-02-08,7,None,1,46,1.765,0.043478260869565216
3bcc238c95f1308cc7b134695246745c,4,163.09,3.5,2021-11-13,0.0,5,2018-12-21,8,None,1,60,2.718166666666667,0.06666666666666667
3bf3f72b9027f7e9db47ed0d94f67004,9,345.5,3.7777777777777777,2022-12-30,0.0,10,2022-11-25,3,None,1,1,345.5,9.0
3c255c5455aae1665546ee24662be4c3,1,86.22,6.0,2022-12-23,0.0,2,2021-02-05,5,None,1,2,43.11,0.5
3d80ef6418274fab73ee30e069e11a4a,1,92.89,7.0,2022-10-17,0.0,2,2021-09-23,4,None,1,11,8.444545454545455,0.09090909090909091
3d81558c923aabf8d371859951c6cf48,1,13.33,1.0,2021-08-28,0.0,2,2019-06-24,10,None,1,71,0.18774647887323945,0.014084507042253521
3d836ee72f884de9196db565e780dccf,2,68.93,3.0,2021-08-14,0.0,3,2018-02-19,5,None,1,73,0.9442465753424658,0.0273972602739726
3e33d5139c127f880f47ed941effff7d,1,39.03,3.0,2022-12-24,0.0,2,2021-01-17,9,None,1,2,19.515,0.5
3ec4238c105c3ae62d023b9720d9c6ed,2,74.16,4.5,2022-08-31,0.0,3,2018-07-17,7,None,1,18,4.12,0.1111111111111111
3efe54744c6f02e24af74b44fe0a5af3,2,51.89999999999999,3.0,2022-08-26,0.0,3,2021-03-24,8,None,1,19,2.7315789473684204,0.10526315789473684
3fa55ad39b29c9ffabe386c35c686206,1,91.3,10.0,2022-12-18,0.0,2,2022-11-06,3,None,1,2,45.65,0.5
3fc76332cf8a3321584df02f29d9eb51,1,39.8,4.0,2021-11-12,0.0,2,2018-12-13,10,None,1,60,0.6633333333333333,0.016666666666666666
3fe5dbb48b43341e80a3a85e401ac312,4,207.73000000000002,6.0,2022-11-22,0.0,5,2022-04-30,6,None,1,6,34.62166666666667,0.6666666666666666
3ff82ed17e4ed190196f9331e7c157ab,8,470.11,6.0,2022-10-30,0.0,9,2022-06-23,9,None,1,9,52.23444444444445,0.8888888888888888
403504b11cf7b393f100a0610c203f69,3,203.23000000000002,7.333333333333333,2022-12-05,0.0,4,2019-11-25,7,None,1,4,50.807500000000005,0.75
403901085635fad134d504c0e6299cdf,1,51.75,5.0,2022-08-18,0.1,2,2021-05-08,2,Newsletter,1,20,2.5875,0.05
40590532a2cd9b85162537ab1619ec66,1,27.24,2.0,2022-10-11,0.0,2,2019-03-23,5,None,1,12,2.27,0.08333333333333333
40e78a9f3b14f1db2031a7e6647af98c,3,120.72,5.333333333333333,2022-06-02,0.0,4,2020-03-30,7,None,1,31,3.8941935483870966,0.0967741935483871
412c3d3cc17d200a5f545a189d09231a,4,158.04,4.5,2022-08-31,0.0,5,2022-04-26,7,None,1,18,8.78,0.2222222222222222
423822fe23d345623dfe392f0296fb6d,6,307.26,5.833333333333333,2022-06-22,0.10000000000000002,7,2018-05-14,7,Newsletter,1,28,10.973571428571429,0.21428571428571427
42a63fdc63fd47396927d8f6cf9a045b,3,190.5,4.666666666666667,2022-11-20,0.0,4,2020-03-06,1,None,1,6,31.75,0.5
432f4a041c6feaf50d2f3584cdf12f70,1,19.16,2.0,2022-12-21,0.0,2,2022-07-11,7,None,1,2,9.58,0.5
43e2846529af3a03077a400d31060021,1,55.28,4.0,2022-05-26,0.1,2,2018-07-13,4,Newsletter,1,32,1.7275,0.03125
4464a54c7eb8d9f6b1e396e1664b0d0b,2,119.48,6.0,2021-08-25,0.0,3,2021-05-03,9,None,1,71,1.6828169014084509,0.028169014084507043
45886410b797c22aee992dd625edf7c4,1,85.74,6.0,2022-01-10,0.0,2,2018-08-08,3,None,1,51,1.6811764705882353,0.0196078431372549
45c814f810f1967962a192f804879ad6,2,147.87,9.0,2020-09-18,0.0,3,2019-08-01,7,None,1,120,1.23225,0.016666666666666666
465b5b9906991ff79b3982a6fa36301e,2,93.75999999999999,8.0,2022-11-13,0.0,3,2022-07-14,3,None,1,7,13.394285714285713,0.2857142857142857
471030666b8193c9475ae14b371c097c,1,49.6,4.0,2022-09-14,0.0,2,2018-05-01,9,None,1,16,3.1,0.0625
472727500850afe8665a4ffc6da6bfd1,1,27.76,2.0,2020-08-21,0.0,2,2019-10-28,2,None,1,124,0.2238709677419355,0.008064516129032258
47272c422f83aa420df8ee2ce6e017ae,4,180.82,4.75,2022-05-03,0.1,5,2020-08-19,5,Newsletter,1,35,5.166285714285714,0.11428571428571428
47552a788b28e76e3d5205e985eea5c4,1,78.76,11.0,2022-06-29,0.0,2,2021-08-13,10,None,1,27,2.917037037037037,0.037037037037037035
478aafa62c45a9a365ee3fa7b68a9b8f,3,126.05,5.333333333333333,2022-10-17,0.0,4,2018-02-03,10,None,1,11,11.459090909090909,0.2727272727272727
47c76bf9706e45df073a51f975041062,4,310.39,6.5,2021-11-14,0.0,5,2020-11-19,2,None,1,59,5.2608474576271185,0.06779661016949153
483087d3e8de78942a432436b89904eb,2,61.29,4.5,2022-08-05,0.0,3,2022-02-19,4,None,1,22,2.7859090909090907,0.09090909090909091
4857460620f040c6de41760c2a5972ae,2,146.54,7.0,2022-09-26,0.0,2,2019-12-11,9,None,1,14,10.467142857142857,0.14285714285714285
49a44d258a5b9f7be7f860bafc9b262a,2,158.2,8.5,2022-11-25,0.0,3,2021-07-21,5,None,1,6,26.366666666666664,0.3333333333333333
4b272c7a706588fb22f6e0392fbcb2c5,2,142.81,7.0,2022-02-04,0.0,3,2020-02-09,7,None,1,48,2.9752083333333332,0.041666666666666664
4b63412ac6238cc975b21d8e1ab2e57e,1,69.12,9.0,2022-11-28,0.1,2,2020-06-09,2,Newsletter,1,5,13.824000000000002,0.2
4b9f0c2e200bae7b0603caea1ecaf986,3,189.01999999999998,6.333333333333333,2022-12-17,0.0,4,2021-03-23,10,None,1,3,63.00666666666666,1.0
4c6a1d235edadf36837b7707892a621c,4,217.83,4.75,2022-07-27,0.0,5,2019-12-16,9,None,1,23,9.470869565217392,0.17391304347826086
4c9658b3b3f5d1388ba9489f651b619e,1,10.5,1.0,2021-06-19,0.15,2,2018-07-08,10,Partner,1,81,0.12962962962962962,0.012345679012345678
4d272c59f0ea8557efd04c5a699827d7,3,143.89,6.666666666666667,2022-06-26,0.0,4,2020-09-17,4,None,1,27,5.329259259259259,0.1111111111111111
4d7101d3976e0118b105853e7b244693,1,94.3,10.0,2022-12-16,0.0,2,2019-10-15,1,None,1,3,31.433333333333334,0.3333333333333333
4e47c37682e3edf5460013c66f52b827,2,114.56,5.0,2022-11-07,0.0,3,2020-12-01,1,None,1,8,14.32,0.25
4ebca893d126c137e39f155a523dabd4,3,166.56,5.333333333333333,2022-06-25,0.0,4,2021-10-12,3,None,1,28,5.948571428571428,0.10714285714285714
4f1fa020e8160c03e3a75734e17dbbec,3,202.92,5.333333333333333,2022-01-10,0.0,4,2020-07-06,4,None,1,51,3.9788235294117644,0.058823529411764705
4f3bb3450f2b8e4eb975b39798e96fbe,4,210.06,6.5,2022-09-26,0.0,5,2020-03-26,4,None,1,14,15.004285714285714,0.2857142857142857
4f46283c7dd3fb0c548fb9f3fec117de,7,301.74,4.714285714285714,2022-12-16,0.0,8,2020-06-29,5,None,1,3,100.58,2.3333333333333335
4fc3f442da1b841878b613f92ea6403e,2,113.52000000000001,6.5,2021-02-22,0.1,3,2018-06-14,1,Newsletter,1,97,1.1703092783505156,0.020618556701030927
4ffbbdfdee93d4afc1f1158e73b9839a,2,78.85,6.5,2022-12-30,0.0,3,2022-11-16,3,None,1,1,78.85,2.0
50d3eea02fc085517cef12d483d14e77,1,36.89,7.0,2022-10-10,0.0,2,2021-01-23,8,None,1,12,3.0741666666666667,0.08333333333333333
50e2e7fb46a23ff8133f287af693a490,3,214.3,6.666666666666667,2021-03-18,0.0,4,2019-07-10,6,None,1,94,2.279787234042553,0.031914893617021274
50e802c1311000c4d6356adab3479c23,1,8.06,1.0,2021-10-19,0.0,2,2018-10-12,9,None,1,63,0.12793650793650793,0.015873015873015872
513f7b45e2b7746d6771528885c26c22,4,221.76,5.25,2021-07-19,0.0,5,2018-12-01,6,None,1,76,2.917894736842105,0.05263157894736842
527c654274f3e560a1f6efe9b9dda970,3,326.43,7.666666666666667,2022-07-06,0.06666666666666667,4,2018-01-04,5,None,1,26,12.555,0.11538461538461539
53d309f0fd85404c700e5f22954c100f,1,17.02,2.0,2022-10-22,0.0,2,2021-11-13,8,None,1,11,1.5472727272727271,0.09090909090909091
53e39bc630cd29b446d2a94d41d51939,3,214.10000000000002,6.333333333333333,2022-06-01,0.0,4,2020-01-11,7,None,1,31,6.9064516129032265,0.0967741935483871
53fc4ab487fe9afbe2f41598397310e4,3,253.44,7.0,2022-12-15,0.0,4,2022-09-28,6,None,1,3,84.48,1.0
542a2bab32e309d3cff9793f372d9f8e,1,82.64,8.0,2022-06-10,0.0,2,2020-12-07,4,None,1,30,2.7546666666666666,0.03333333333333333
546fdca6e1281513cc7dee2a6667036c,1,42.0,6.0,2022-07-03,0.0,2,2021-06-18,6,None,1,26,1.6153846153846154,0.038461538461538464
55d36bcd25380ecc34746c3890feb406,2,180.5,7.0,2022-05-26,0.0,3,2020-01-20,7,None,1,32,5.640625,0.0625
5644becd67565a32ce470fbfc57d88a4,2,171.32999999999998,6.0,2022-12-18,0.0,3,2022-07-02,5,None,1,2,85.66499999999999,1.0
56de9eb850915d6b61c3d55e0a3da62c,4,287.17,7.75,2022-09-30,0.0,5,2018-09-28,6,None,1,14,20.51214285714286,0.2857142857142857
575ba49d807f3431ac83133066a47f95,2,81.75,5.0,2020-07-29,0.1,3,2019-08-20,4,Newsletter,1,127,0.6437007874015748,0.015748031496062992
577e53d8d05929b4e8aac96ca3d374bd,1,35.12,4.0,2022-12-08,0.1,2,2022-05-28,7,Newsletter,1,4,8.78,0.25
578a92c75d7ae4fdc742f8101be6f70f,4,135.95000000000002,3.5,2022-11-18,0.0,5,2022-03-23,7,None,1,7,19.421428571428574,0.5714285714285714
57ed642f2abb6c177c2768532c3e6d9c,1,131.3,10.0,2022-09-16,0.0,2,2020-08-05,10,None,1,16,8.20625,0.0625
5805645773b50da9ddccf262ccac6036,2,55.17,4.5,2022-02-20,0.0,3,2021-08-16,7,None,1,45,1.226,0.044444444444444446
58a19888701eb1974e11b7680e4b6407,4,229.03,7.5,2021-12-18,0.0,5,2019-11-21,10,None,1,55,4.164181818181818,0.07272727272727272
58e2750c014bc4cfbefad01e3914a338,1,9.03,1.0,2021-09-10,0.0,2,2021-02-22,3,None,1,69,0.1308695652173913,0.014492753623188406
590e43c8490528578ef926d47c4c7ed5,1,43.28,4.0,2022-07-08,0.0,2,2020-08-29,1,None,1,26,1.6646153846153846,0.038461538461538464
59f227f2db3b2d9d4bc083784ba2ff7e,1,30.03,3.0,2022-10-31,0.0,2,2022-09-26,5,None,1,9,3.336666666666667,0.1111111111111111
5a77ad7d5af9076109d0d10f8480ba66,7,350.53,5.571428571428571,2022-12-30,0.0,8,2022-08-30,1,None,1,1,350.53,7.0
5afadb91ed35d71f6411bca8dbad4e8f,1,49.36,8.0,2022-12-21,0.0,2,2020-12-25,8,None,1,2,24.68,0.5
5b5c31bfeabc2b4d7ca6980c286e50a2,1,14.13,1.0,2022-06-04,0.0,2,2020-08-20,12,None,1,31,0.45580645161290323,0.03225806451612903
5b9541810dfd391aa33347687467c9f7,1,62.51,7.0,2022-12-20,0.0,2,2022-09-18,7,None,1,2,31.255,0.5
5bc953db27e3bfb407cb28374dadb83a,1,28.52,4.0,2022-07-02,0.1,2,2021-11-09,4,Newsletter,1,27,1.0562962962962963,0.037037037037037035
5dfdee6562ac1394a685cbbafc7cea79,1,176.12,14.0,2022-06-08,0.1,2,2021-02-09,3,Newsletter,1,30,5.870666666666667,0.03333333333333333
5e133074da71b0640020e92deafb6034,1,47.52,4.0,2022-07-26,0.1,2,2022-04-20,5,Newsletter,1,23,2.0660869565217395,0.043478260869565216
5e267dca45c8b9b67b00760d8d83cbfc,1,149.24,13.0,2020-06-27,0.0,2,2018-12-14,4,None,1,132,1.1306060606060606,0.007575757575757576
5f5696b40500d164b129f9a43ef60b55,2,101.49,4.5,2022-11-11,0.0,3,2021-02-23,8,None,1,8,12.68625,0.25
5f5a245f306ed92fee31e5692ca91d95,1,50.64,8.0,2022-07-15,0.0,2,2020-12-15,8,None,1,25,2.0256,0.04
602116f8b8633185dc5bcf54aa4cdc1d,2,105.83000000000001,4.5,2021-05-03,0.0,3,2018-11-07,5,None,1,87,1.2164367816091954,0.022988505747126436
60640ce7537f1ae21ed733ed1037bece,3,251.37,8.0,2021-06-16,0.0,4,2019-07-21,6,None,1,81,3.1033333333333335,0.037037037037037035
60858fa25e19bae03a4e93221acb2827,1,43.05,5.0,2020-11-27,0.0,2,2020-02-10,11,None,1,110,0.39136363636363636,0.00909090909090909
60a55b68907afc8502ddae17e09bfd03,2,81.94,6.0,2021-07-05,0.0,3,2019-12-22,8,None,1,78,1.0505128205128205,0.02564102564102564
60f12c1cac05d6087ce1cf896fdcc81f,2,120.07,5.0,2022-11-21,0.0,3,2018-06-25,9,None,1,6,20.011666666666667,0.3333333333333333
61041c94e5e67b522b9418fad1f57f34,2,93.24000000000001,7.0,2022-07-11,0.0,3,2022-03-17,4,None,1,25,3.7296000000000005,0.08
6117323d2cabbc17d44c2b44587f682c,3,129.53,5.333333333333333,2022-08-25,0.0,4,2018-04-25,10,None,1,19,6.817368421052632,0.15789473684210525
612284b867070a863585b377fdde87d3,5,333.95,6.2,2022-10-30,0.0,6,2020-03-24,6,None,1,9,37.105555555555554,0.5555555555555556
622892e35649467102072bc61ae2c348,3,152.86,5.333333333333333,2021-12-07,0.0,4,2019-06-23,9,None,1,56,2.7296428571428573,0.05357142857142857
623cdb71ee9aafd8052cdd1089acb446,2,104.94,6.0,2022-08-31,0.0,3,2021-09-11,6,None,1,18,5.83,0.1111111111111111
625c1d095c553b01a538bef93935bc33,1,88.72,8.0,2022-04-12,0.0,2,2021-05-15,8,None,1,38,2.334736842105263,0.02631578947368421
627a9af617b6f0c80ab780e617ed61f6,1,57.96,4.0,2020-07-08,0.0,2,2018-11-18,6,None,1,130,0.44584615384615384,0.007692307692307693
62d06d456e5b65de459b96804f00935e,7,454.65,6.714285714285714,2022-12-20,0.0,6,2019-09-08,7,None,1,2,227.325,3.5
63b29750dcfd5bce022b760210263f88,3,196.32999999999998,7.333333333333333,2022-03-27,0.0,4,2019-10-26,3,None,1,40,4.90825,0.075
6475bea474e208002af8190a55758f77,3,171.81,6.0,2022-04-18,0.0,4,2019-11-30,6,None,1,37,4.643513513513514,0.08108108108108109
652297fe4e66041c79632e132965cbe8,1,32.0,4.0,2022-02-15,0.0,2,2018-09-22,3,None,1,46,0.6956521739130435,0.021739130434782608
65c14b820d231d2999f371f703b13723,1,48.3,6.0,2022-11-07,0.0,2,2022-02-17,8,None,1,8,6.0375,0.125
65d067f95decfc830b9fad4c0438d162,2,62.23,4.5,2022-04-17,0.0,3,2021-12-16,5,None,1,37,1.6818918918918917,0.05405405405405406
668190c7ba0c2ff9d257c760516c6ecb,2,124.11,5.5,2021-08-31,0.0,3,2019-05-16,3,None,1,70,1.773,0.02857142857142857
6726d68d51f00740266ad11fd95ecfd8,1,133.11,9.0,2022-12-14,0.0,2,2020-07-25,9,None,1,3,44.370000000000005,0.3333333333333333
685ada5c701e414299d5d2f91cd41479,1,43.08,4.0,2022-12-26,0.0,2,2022-12-22,8,None,1,1,43.08,1.0
68c5e4ea590352385449e880d067b786,1,8.77,1.0,2022-09-15,0.0,2,2021-03-18,11,None,1,16,0.548125,0.0625
68d7ade4437f811b4987c3f1d7b83c35,3,138.47,4.666666666666667,2022-12-30,0.0,4,2021-01-21,2,None,1,1,138.47,3.0
68e482e1ecbe15b3f65001ca5f5fe701,1,8.38,1.0,2021-10-08,0.0,2,2021-03-15,6,None,1,65,0.12892307692307695,0.015384615384615385
692946e29ccc223f01dab0539ca4c305,1,75.72,6.0,2021-09-06,0.0,2,2020-12-16,8,None,1,69,1.097391304347826,0.014492753623188406
6978a8c7f63525aaac11e9cb34e5234c,1,71.46,6.0,2021-08-19,0.0,2,2020-11-21,4,None,1,72,0.9924999999999999,0.013888888888888888
69ca739b68a83e2d47cb14b4ff1ff82e,3,222.25,6.666666666666667,2022-12-31,0.0,4,2022-11-24,4,None,1,1,222.25,3.0
69db9f9ce6e81a9c1bf3fbfe07bb9d09,10,525.64,6.3,2022-12-28,0.0,11,2020-07-07,6,None,1,1,525.64,10.0
69f549bb037e620b1d885f93ee9f4066,3,284.79,8.0,2022-08-08,0.0,4,2021-03-25,6,None,1,21,13.561428571428573,0.14285714285714285
6a2c4e4235cb45b85469b4789c5491fb,4,246.20000000000002,5.5,2022-12-12,0.0,5,2019-06-11,1,None,1,3,82.06666666666668,1.3333333333333333
6a5235423ffb190698f344d0f1504555,1,37.71,3.0,2021-12-31,0.0,2,2021-03-07,7,None,1,53,0.7115094339622642,0.018867924528301886
6ac7e71cc29f901d6b9d55f804dcd19c,2,31.83,2.5,2022-11-06,0.0,3,2021-08-07,5,None,1,8,3.97875,0.25
6aec798c0a0529f717764400601b4a5b,2,143.22,6.5,2022-11-05,0.0,3,2021-05-29,2,None,1,9,15.913333333333334,0.2222222222222222
6b375be1c439ad172078d6d0dd31dfae,1,74.76,7.0,2022-04-16,0.0,2,2020-01-08,8,None,1,38,1.9673684210526317,0.02631578947368421
6c0113d2a366a6221e2651f830161582,3,84.35,3.6666666666666665,2021-12-07,0.0,4,2019-05-02,6,None,1,56,1.5062499999999999,0.05357142857142857
6c0ae7a8fcceca5ac68dbb3aa99e6c8d,2,212.88,7.5,2021-07-30,0.0,3,2019-04-19,7,None,1,75,2.8384,0.02666666666666667
6c8001b808b343a77b1f240ede2f7830,3,163.03,4.0,2022-12-04,0.0,4,2018-12-22,5,None,1,4,40.7575,0.75
6cab7ea3355d086128852d91c39b7898,5,293.02,5.8,2022-12-03,0.0,6,2019-05-29,6,None,1,5,58.604,1.0
6cbc31e349b1f734a24821ca5da6fed1,4,219.82999999999998,6.25,2022-12-01,0.0,5,2022-07-10,7,None,1,5,43.965999999999994,0.8
6e66d38fafc495fe5ed97510038bdca9,4,292.54,7.0,2022-10-22,0.0,5,2021-02-25,10,None,1,11,26.594545454545457,0.36363636363636365
6efe7da7b575b23dcccb6c2dcfe89777,2,101.08,3.5,2022-03-08,0.0,3,2020-07-08,5,None,1,43,2.3506976744186048,0.046511627906976744
6f116359dcc790a065b030789d844ba8,9,367.04,4.222222222222222,2022-10-08,0.0,10,2020-10-24,2,None,1,13,28.233846153846155,0.6923076923076923
6fd9d534f3c0ea05ddd0562397c6ebaf,3,149.57,4.666666666666667,2022-11-18,0.0,4,2021-07-02,6,None,1,7,21.367142857142856,0.42857142857142855
70225c2a3e4c8d2219b510226995148a,6,309.58000000000004,6.166666666666667,2021-06-15,0.0,7,2018-01-23,5,None,1,81,3.8219753086419757,0.07407407407407407
70b1302bbd211902ae3c82cf52d95e7a,1,58.25,5.0,2022-06-28,0.1,2,2021-12-14,7,Newsletter,1,27,2.1574074074074074,0.037037037037037035
7125d117861bfa4aaa285c175d82c593,1,62.86,7.0,2022-12-02,0.0,2,2022-04-05,6,None,1,5,12.572,0.2
72175f4a06b6ccd3e116ae1d3e869202,6,413.88,5.833333333333333,2022-10-18,0.0,7,2021-05-19,9,None,1,11,37.625454545454545,0.5454545454545454
729bfa5e8099a83acd508b1e37bd05d8,2,71.38,4.5,2022-03-19,0.0,3,2020-10-22,7,None,1,42,1.6995238095238094,0.047619047619047616
72bd8610b0413a6359a60bf4c47159f0,1,106.7,10.0,2022-07-18,0.1,2,2020-02-18,7,Newsletter,1,24,4.445833333333334,0.041666666666666664
730bb7fa7567960da57290d57314571f,1,37.72,4.0,2022-08-06,0.1,2,2019-12-02,9,Newsletter,1,22,1.7145454545454546,0.045454545454545456
735a142869d75b5930b75084071c0348,1,45.08,4.0,2021-07-30,0.0,2,2019-09-07,11,None,1,75,0.6010666666666666,0.013333333333333334
742bbccda9034710a152ec70b457bfed,1,45.36,6.0,2022-08-04,0.0,2,2021-01-05,4,None,1,22,2.061818181818182,0.045454545454545456
74d4b00f0f93d5924bfa5f17eeec65d3,2,100.00999999999999,4.0,2022-11-21,0.0,3,2022-06-24,14,None,1,6,16.668333333333333,0.3333333333333333
74f9813e42bd99725e3fae179944aa2a,4,190.72,5.5,2022-05-22,0.0,5,2021-04-20,11,None,1,32,5.96,0.125
757d6024f628134dd237dacbaf21b028,4,209.8,5.25,2022-11-15,0.0,5,2021-08-24,1,None,1,7,29.97142857142857,0.5714285714285714
76017549a78036264cd612eeaefba666,4,231.07999999999998,4.5,2022-08-25,0.0,5,2020-04-16,11,None,1,19,12.162105263157894,0.21052631578947367
7614a4cde980423194d8b3e9cee88e3e,1,72.52,7.0,2022-05-19,0.0,2,2021-10-29,7,None,1,33,2.1975757575757573,0.030303030303030304
77ceef72044007ba50e9cff5613d5d58,1,156.31,11.0,2022-09-08,0.0,2,2018-09-04,5,None,1,17,9.194705882352942,0.058823529411764705
77e64945532e4b5d8bbb5e22cefb922c,1,40.16,4.0,2022-09-08,0.0,2,2018-02-25,3,None,1,17,2.3623529411764705,0.058823529411764705
7809df570d79a91cc43932b994e5cbc8,3,87.75,3.3333333333333335,2022-07-16,0.0,4,2020-01-26,6,None,1,25,3.51,0.12
784b1c62e3318f427cde99ae3acb6fd9,2,62.010000000000005,2.5,2022-09-30,0.0,3,2020-09-27,6,None,1,14,4.429285714285714,0.14285714285714285
7863902f12477e90e137eae83dba87fe,2,83.22,3.5,2022-11-07,0.1,3,2022-09-08,6,Newsletter,1,8,10.4025,0.25
78b5106d46b00bbf0d7a167e24b6b125,2,102.10000000000001,5.0,2021-11-27,0.0,3,2020-06-06,4,None,1,58,1.760344827586207,0.034482758620689655
793a333a36e6960aabc2feda5655fbe0,1,47.6,7.0,2022-07-26,0.1,2,2019-09-16,1,Newsletter,1,23,2.0695652173913044,0.043478260869565216
798f026e4cefe659fb9f134fbefccce3,3,171.68,4.666666666666667,2022-12-14,0.0,2,2021-09-17,8,None,1,3,57.22666666666667,1.0
79c8a67633329d871601a7d1317b2610,8,506.1,6.75,2022-12-30,0.0,9,2022-10-27,1,None,1,1,506.1,8.0
79d2fb4aac0c6dc2f226348bc6659f7d,1,42.93,3.0,2022-09-20,0.0,2,2020-06-11,7,None,1,15,2.862,0.06666666666666667
7a39f4baebcfdc45941a4f752eb4f4ab,3,233.19,7.666666666666667,2022-09-28,0.0,4,2021-10-09,1,None,1,14,16.65642857142857,0.21428571428571427
7a8bc20f7fb1da8ae214ae8060f5a7c4,1,51.96,4.0,2022-06-28,0.0,2,2020-04-23,7,None,1,27,1.9244444444444444,0.037037037037037035
7b2894476279b83a27140df5f1d99204,1,67.68,6.0,2022-12-14,0.0,2,2022-11-20,8,None,1,3,22.560000000000002,0.3333333333333333
7b7a5d0649f51beda67a3f03f4449395,2,204.95999999999998,8.0,2022-05-26,0.0,3,2019-11-26,7,None,1,32,6.404999999999999,0.0625
7ba6e46e09bcd036749309638267d722,3,135.82,5.333333333333333,2022-08-29,0.0,4,2020-10-03,2,None,1,18,7.545555555555556,0.16666666666666666
7cab6ad1e4b73fb9b140a16398f370a0,1,53.36,8.0,2021-06-13,0.0,2,2018-12-19,6,None,1,81,0.6587654320987655,0.012345679012345678
7d03c95c4c2a09dc888deb3510babe10,1,86.88,8.0,2022-06-16,0.0,2,2019-08-28,3,None,1,29,2.995862068965517,0.034482758620689655
7d4a10c6ab5e7756d3fe3bcda76867f8,1,27.04,2.0,2022-08-23,0.0,2,2021-07-20,9,None,1,19,1.423157894736842,0.05263157894736842
7df05074ca17bfc0993b5d7bd08cc8b5,3,144.79000000000002,4.666666666666667,2022-10-29,0.0,4,2020-12-31,1,None,1,10,14.479000000000003,0.3
7e5234a59c0e2f0ee56d2deac64ef9ee,1,14.6,2.0,2021-08-24,0.0,2,2018-05-15,7,None,1,71,0.2056338028169014,0.014084507042253521
7e533e784036f04578a0a19df5572aaf,6,446.98,6.833333333333333,2022-12-22,0.0,7,2022-06-20,9,None,1,2,223.49,3.0
7ed5e605f2a84d5c76ff042722b685d6,3,144.48,6.0,2022-09-28,0.0,4,2018-10-08,10,None,1,14,10.319999999999999,0.21428571428571427
7edd0f4ea54ecd0f89ec4a88abaa1614,3,212.53,6.333333333333333,2022-05-10,0.0,4,2020-09-20,6,None,1,34,6.250882352941177,0.08823529411764706
7f011b2ff691c2641355c86e17d667d0,1,12.89,1.0,2022-11-20,0.0,2,2021-10-14,10,None,1,6,2.1483333333333334,0.16666666666666666
80bba556e0a7ceaaa74a4173a8322ff4,3,189.8,6.666666666666667,2022-07-26,0.0,4,2020-12-05,4,None,1,23,8.252173913043478,0.13043478260869565
80df812e7b12b8f468137862068bddaa,7,409.05,4.857142857142857,2022-11-17,0.0,8,2022-03-02,7,None,1,7,58.43571428571429,1.0
80f7cd7b1a27136f64b6fd580b87bb4d,1,99.19,7.0,2022-02-02,0.0,2,2020-02-21,8,None,1,48,2.0664583333333333,0.020833333333333332
813d0119377dfbdbc1ba7d46d5f95ab4,1,35.08,4.0,2021-05-23,0.0,2,2018-06-05,11,None,1,84,0.4176190476190476,0.011904761904761904
817b04ad76cd3ec1734b0469e7657fd2,1,33.6,5.0,2022-12-24,0.0,2,2022-10-05,3,None,1,2,16.8,0.5
81f561093437d441c5ae8dd28f409cb5,2,156.85999999999999,6.5,2022-09-20,0.0,3,2022-06-28,8,None,1,15,10.457333333333333,0.13333333333333333
823149c0806e5cd9837294483e1f1c11,2,66.17,5.0,2022-12-29,0.0,3,2022-11-23,4,None,1,1,66.17,2.0
8257780a59590c4c20f087ba3e8f1910,1,41.64,6.0,2022-10-31,0.0,2,2021-04-09,1,None,1,9,4.626666666666667,0.1111111111111111
82a8c9b0f34d3cad002b6770b2c4d728,1,35.49,3.0,2021-06-16,0.1,2,2019-10-08,9,Newsletter,1,81,0.4381481481481482,0.012345679012345678
8537790cfad15c365a4a98e2d98ca24e,1,73.04,8.0,2021-06-11,0.0,2,2019-07-22,5,None,1,82,0.8907317073170733,0.012195121951219513
856a093c5127a85d87a6f7039ebbc1a5,1,9.39,1.0,2021-02-23,0.0,2,2018-01-22,8,None,1,97,0.09680412371134021,0.010309278350515464
8589252009bb1bd89ce400f25b7b49b5,3,291.53999999999996,8.0,2022-12-19,0.0,4,2022-11-21,7,None,1,2,145.76999999999998,1.5
858e68a052ab472183c76260a91f6715,1,57.54,6.0,2022-09-29,0.0,2,2021-12-03,7,None,1,14,4.11,0.07142857142857142
859a2439787f6619558636e1df9ffbde,1,34.5,3.0,2021-05-24,0.0,2,2019-03-24,8,None,1,84,0.4107142857142857,0.011904761904761904
863ad37f14269c5c98a4ff8e6935a351,2,107.22999999999999,4.5,2022-10-28,0.0,3,2018-11-21,2,None,1,10,10.722999999999999,0.2
863c8fbc3661fae36acaf84114285d47,1,107.92,8.0,2022-12-13,0.0,2,2022-05-15,9,None,1,3,35.973333333333336,0.3333333333333333
8643addac9a9bcbafd7d4de9e770d737,2,60.43,2.5,2022-09-26,0.0,3,2020-09-01,2,None,1,14,4.316428571428571,0.14285714285714285
868b9b5ea90e801fde288e9d87a0fddf,1,19.29,3.0,2022-09-17,0.0,2,2022-02-11,4,None,1,16,1.205625,0.0625
86d4f59947a1e8af28c7852a4e1487b6,4,248.4,5.75,2022-09-15,0.0,5,2019-08-14,4,None,1,16,15.525,0.25
86d8d5163609ed577e470fc8449ab085,2,53.5,3.0,2022-06-20,0.0,3,2019-03-28,6,None,1,28,1.9107142857142858,0.07142857142857142
86fd1c5bcd0f7468740f0717db27bfd6,2,81.17999999999999,5.5,2022-11-12,0.0,3,2021-06-14,4,None,1,8,10.147499999999999,0.25
873405ccb59c86ba4b2f5ca87eb0d3cc,2,192.9,7.0,2022-11-24,0.0,3,2022-03-14,5,None,1,6,32.15,0.3333333333333333
874691aeb3cb26af42d7566d893c1127,1,8.67,1.0,2022-12-12,0.0,2,2021-06-25,8,None,1,3,2.89,0.3333333333333333
877d2e3b7a356529036954fc32097d13,1,21.81,3.0,2021-12-21,0.0,2,2019-06-20,10,None,1,54,0.40388888888888885,0.018518518518518517
89cc6f6dc95d6afaffbab7c8c7c00129,3,135.95,3.6666666666666665,2022-12-18,0.0,4,2018-06-20,7,None,1,2,67.975,1.5
89dbce7eef62bb0a8dbff1fbd4271efb,6,411.96999999999997,6.666666666666667,2022-12-31,0.0,7,2022-12-13,3,None,1,1,411.96999999999997,6.0
8a003bdd523521649780e2fcaa863831,1,130.32,12.0,2020-12-26,0.0,2,2019-04-08,3,None,1,106,1.2294339622641508,0.009433962264150943
8a232367fb137badbc8c15b4308c7f7c,1,94.15,7.0,2021-07-22,0.0,2,2018-07-01,1,None,1,76,1.2388157894736842,0.013157894736842105
8a4969e16f2a4ebc1b0c7484eaa6ad22,1,21.52,4.0,2022-05-29,0.0,2,2021-05-16,4,None,1,31,0.6941935483870968,0.03225806451612903
8b1634a80c7c07e227c36b551d0efb31,2,198.63,7.5,2020-07-07,0.0,3,2018-12-30,5,None,1,130,1.527923076923077,0.015384615384615385
8b17540d48c174147db76e8b5f71d751,4,131.07,4.0,2022-11-01,0.0,5,2021-08-04,1,None,1,9,14.563333333333333,0.4444444444444444
8b8989a4785b8f85a0f99e86d7fc1e6e,1,57.55,5.0,2021-04-06,0.0,2,2020-05-03,6,None,1,91,0.6324175824175824,0.01098901098901099
8c5cc39cc84f672a9bbe242f3d74473e,1,32.91,3.0,2021-02-18,0.0,2,2018-10-05,8,None,1,98,0.3358163265306122,0.01020408163265306
8c861554c7c5925f07549c6c82307057,1,18.03,3.0,2022-10-20,0.0,2,2022-04-16,4,None,1,11,1.6390909090909092,0.09090909090909091
8cab6aa76af27256f5c54b46a2574cb4,1,8.92,1.0,2021-08-27,0.1,2,2019-06-13,1,Newsletter,1,71,0.1256338028169014,0.014084507042253521
8cc59dfca9c658ddc975fdad0123c01b,3,227.66000000000003,7.333333333333333,2022-06-08,0.0,4,2020-12-28,2,None,1,30,7.588666666666668,0.1
8d95252135a78f202e1716087f84e353,1,12.59,1.0,2022-11-18,0.0,2,2018-03-28,2,None,1,7,1.7985714285714285,0.14285714285714285
8de7c574343e64aff6ababb08357101d,2,142.23000000000002,10.5,2022-12-21,0.0,3,2022-11-02,6,None,1,2,71.11500000000001,1.0
8e034ecb9ea93432fea9a043aa41d034,5,305.62,5.4,2022-01-11,0.1,6,2019-01-04,3,Newsletter,1,51,5.992549019607843,0.09803921568627451
8e74312097c7e7fc4d89ccfee0cd9efd,2,117.38000000000001,6.0,2022-09-19,0.0,3,2019-06-27,2,None,1,15,7.825333333333334,0.13333333333333333
8eba265e1c3cd4227ba4aa7e8d5a7a25,1,118.44,9.0,2022-04-25,0.0,2,2021-11-12,8,None,1,36,3.29,0.027777777777777776
8ed517e2159d51580a9b7c2266a8c32a,6,256.42,3.5,2022-10-30,0.0,7,2020-01-04,3,None,1,9,28.491111111111113,0.6666666666666666
8ed8cfdcb4b20e80b4a9efb8067f7bec,2,70.9,4.0,2022-06-16,0.0,3,2021-03-19,2,None,1,29,2.444827586206897,0.06896551724137931
8f11505aab5b80eca03655df9717041d,2,308.28,10.5,2022-07-22,0.0,3,2021-01-24,3,None,1,24,12.844999999999999,0.08333333333333333
8f75ebcd087a6f2dfb09003a39b81d82,2,145.04,7.0,2022-11-01,0.0,3,2020-07-20,5,None,1,9,16.115555555555556,0.2222222222222222
8fc52e83e89c66dcd13b03c0c3bc7e28,1,55.7,10.0,2022-11-22,0.0,2,2021-05-04,1,None,1,6,9.283333333333333,0.16666666666666666
90d4d14211f622cb36a0ce4ea3dd21c1,1,36.12,4.0,2022-12-01,0.0,2,2019-01-11,5,None,1,5,7.223999999999999,0.2
914db7f03ecd9ad175877ed7458fd523,1,34.32,6.0,2020-12-19,0.1,2,2019-05-27,2,Newsletter,1,107,0.3207476635514019,0.009345794392523364
918a7035bef13acc81a0ce36d71a9bf6,4,131.57999999999998,3.0,2022-11-06,0.0,5,2020-09-26,1,None,1,8,16.447499999999998,0.5
919f7d084187d50abaa4ce975129fc68,1,13.08,1.0,2022-08-10,0.0,2,2022-06-02,3,None,1,21,0.6228571428571429,0.047619047619047616
922524bdaab3e59fd98ca66d650eafe0,1,67.55,5.0,2021-05-27,0.0,2,2019-12-25,1,None,1,84,0.8041666666666666,0.011904761904761904
922797028c005aee1831ce20ae50af4c,3,244.29000000000002,7.0,2022-12-08,0.0,4,2020-03-31,8,None,1,4,61.072500000000005,0.75
929b90dcf83bde37ed549608fb6424c9,7,359.7,5.428571428571429,2022-12-10,0.0,8,2021-06-30,1,None,1,4,89.925,1.75
92a77c89546685207d75dd9e5135dc26,9,398.25,4.444444444444445,2022-08-28,0.0,10,2018-08-24,6,None,1,18,22.125,0.5
9394f41f0257e6f73b10f96ab934ce16,3,209.4,6.333333333333333,2022-05-07,0.0,4,2019-12-04,6,None,1,35,5.982857142857143,0.08571428571428572
942097159f635860e3d31b3e38e4be2c,1,51.42,6.0,2021-02-10,0.0,2,2018-04-06,10,None,1,99,0.5193939393939394,0.010101010101010102
94564b5b1a37e36c6001fc68cf80d186,6,387.87,6.5,2022-11-09,0.0,7,2019-03-18,3,None,1,8,48.48375,0.75
95a30bf1b28c75da84f387d1ce795075,1,49.14,9.0,2022-11-05,0.0,1,2020-10-01,6,None,0,9,5.46,0.1111111111111111
95e09c992d81fa6f4968d4affe49c157,1,13.7,2.0,2022-05-24,0.0,2,2020-10-11,9,None,1,32,0.428125,0.03125
9605946f0d8deba2df79be9577d4df78,10,493.53,4.9,2022-12-31,0.0,11,2021-11-04,7,None,1,1,493.53,10.0
96985f82d551d5b67001c599b6f82d79,3,71.79,3.3333333333333335,2021-10-18,0.0,4,2020-01-19,3,None,1,63,1.1395238095238096,0.047619047619047616
969e03757675f2c8c3aeb09d391efa01,1,63.24,6.0,2022-10-22,0.0,2,2019-05-30,9,None,1,11,5.749090909090909,0.09090909090909091
96b2fe9eabeee8e9ad2342d8b1adb7fb,1,66.15,5.0,2022-04-25,0.1,2,2020-01-03,4,Newsletter,1,36,1.8375000000000001,0.027777777777777776
96d77db2f8bba1a4b8a01decb0a57c47,4,313.13,6.25,2022-10-02,0.0,5,2019-02-06,5,None,1,13,24.086923076923078,0.3076923076923077
97031608e4f3b9e14f9b15992337e130,1,81.8,10.0,2022-08-23,0.0,2,2019-12-26,2,None,1,19,4.3052631578947365,0.05263157894736842
9755a878618a0297a144bf2d89046291,1,26.1,5.0,2022-11-29,0.0,2,2022-07-09,8,None,1,5,5.220000000000001,0.2
97e0b38ccd3fe0f2d0ba315c152ddb4a,2,146.71,6.0,2022-05-17,0.0,3,2020-09-14,3,None,1,33,4.445757575757576,0.06060606060606061
98d05c27550e2ad57255ef9b205f9c05,1,131.49,9.0,2022-11-29,0.0,2,2022-03-28,1,None,1,5,26.298000000000002,0.2
98e9a7bc83714466a9ace1e8ed2348bd,1,8.22,1.0,2022-04-13,0.0,2,2018-11-06,5,None,1,38,0.21631578947368424,0.02631578947368421
9a3d4d199c86e30693602ecbda65fb5b,4,177.77,3.75,2022-07-05,0.0,5,2019-02-23,7,None,1,26,6.837307692307693,0.15384615384615385
9af934e6c7418bc3f5a7949475b4741b,3,119.94,5.0,2022-09-04,0.0,4,2021-02-07,4,None,1,17,7.055294117647058,0.17647058823529413
9b4ce6088f59411e54641e7dc1f714e1,2,84.2,5.0,2022-04-26,0.0,3,2019-12-08,5,None,1,36,2.338888888888889,0.05555555555555555
9b98c2d3e7ea6ffa82a302dce39d3d63,1,19.08,3.0,2021-08-21,0.1,2,2018-10-07,2,Newsletter,1,72,0.26499999999999996,0.013888888888888888
9ba4ccc3bbd161fa02065862bcf151fa,1,69.19,11.0,2021-05-03,0.0,2,2020-02-06,8,None,1,87,0.795287356321839,0.011494252873563218
9beee56e69b75a02af14dcd18d9bd0d6,2,103.59,6.0,2022-12-23,0.0,3,2022-05-01,5,None,1,2,51.795,1.0
9c14539a12feece9bc5ff92f21e9e8a9,4,195.66,5.5,2020-05-23,0.0,5,2018-01-27,14,None,1,137,1.428175182481752,0.029197080291970802
9c17e20ef6b8c7c6e72c154e246516ac,2,105.4,6.0,2021-07-23,0.0,3,2019-08-04,3,None,1,76,1.3868421052631579,0.02631578947368421
9d3c5a669164d2f344a689624693bc76,1,78.66,6.0,2022-10-27,0.1,2,2021-10-04,5,Newsletter,1,10,7.866,0.1
9dac22b57f45df193071f9359f166bbe,1,38.84,4.0,2022-07-14,0.0,2,2020-04-20,5,None,1,25,1.5536,0.04
9db3fe070addbc06206972ffcd3b172a,3,137.76,3.3333333333333335,2022-12-29,0.0,4,2021-09-10,6,None,1,1,137.76,3.0
9dee683bc35495966b345fdeb38c1507,1,19.35,3.0,2022-12-28,0.0,2,2019-10-23,12,None,1,1,19.35,1.0
9e245b39ff323150339456758d43c008,8,367.92,5.375,2021-07-31,0.0,9,2019-06-06,2,None,1,75,4.905600000000001,0.10666666666666667
9e6fbf3f619eea689f504fa9f5ce5a29,2,24.549999999999997,1.0,2022-05-12,0.0,3,2019-06-12,6,None,1,34,0.7220588235294116,0.058823529411764705
9e91248539eaf2cf2dfd078631303088,5,354.68,6.8,2022-12-17,0.0,6,2018-10-11,5,None,1,3,118.22666666666667,1.6666666666666667
9ef140536c20733aead2be4b555a83f1,2,90.78,4.5,2022-10-14,0.0,3,2020-07-13,4,None,1,12,7.565,0.16666666666666666
9f12907683aa4c6f9f5e307b3d7914a7,1,109.9,10.0,2021-10-29,0.0,2,2018-06-19,6,None,1,62,1.7725806451612904,0.016129032258064516
9f1bd8921cd27fe50a1b66dc09d26d46,2,57.13,4.5,2022-10-16,0.0,3,2021-12-07,4,None,1,11,5.193636363636364,0.18181818181818182
9fa9dcebbbb1f9be557ff2e7f6ec278e,8,348.09000000000003,4.875,2022-12-29,0.0,9,2020-03-23,7,None,1,1,348.09000000000003,8.0
9fd065202bfe8ec1e2883a7f5b5c31e1,1,28.92,2.0,2022-12-07,0.0,2,2022-10-04,4,None,1,4,7.23,0.25
a0078a6b6e39f13eb8bc15d02b7ea5d7,5,398.2,7.4,2022-03-30,0.0,6,2021-05-02,6,None,1,40,9.955,0.125
a0260662d1b26efa9272963373becdc0,3,140.23000000000002,6.0,2022-07-22,0.0,2,2019-06-17,3,None,1,24,5.842916666666667,0.125
a0613710153708b1a3ea09fe6e2d57b2,5,200.88,4.6,2022-11-23,0.0,6,2019-08-03,7,None,1,6,33.48,0.8333333333333334
a1339dfb7ffbc56d59ccc7f6da5ad3df,1,6.29,1.0,2022-08-10,0.0,2,2022-07-03,5,None,1,21,0.2995238095238095,0.047619047619047616
a17b8a7f8589b305cce3c42b8b5ef670,3,95.62,4.0,2022-11-23,0.0,4,2018-04-14,1,None,1,6,15.936666666666667,0.5
a18d94142233c63473140d5ef1e87a5c,3,87.2,4.333333333333333,2022-03-17,0.0,4,2021-07-19,7,None,1,42,2.0761904761904764,0.07142857142857142
a198621edfa7b7856604fc5fec65863e,2,102.30000000000001,6.0,2022-12-14,0.0,3,2021-08-11,7,None,1,3,34.1,0.6666666666666666
a1b7efea13530b143047c65e824c6167,1,69.4,5.0,2022-08-21,0.0,2,2019-08-06,1,None,1,19,3.6526315789473687,0.05263157894736842
a1fa93c5883f2a310f68932f6a5cdffd,8,738.52,8.0,2022-10-29,0.0,9,2021-07-25,5,None,1,10,73.852,0.8
a29ee7e92fc7daee8a29838a170540e3,1,55.0,10.0,2022-06-17,0.0,2,2020-04-04,4,None,1,29,1.896551724137931,0.034482758620689655
a2fa5fabb21861a80a2e69be0f657d95,4,202.3,5.0,2021-05-23,0.15,5,2018-07-28,3,Partner,1,84,2.4083333333333337,0.047619047619047616
a3195108f431bab5f72a6181442c9aa7,1,12.68,2.0,2021-12-08,0.0,2,2019-10-10,6,None,1,56,0.22642857142857142,0.017857142857142856
a3500f24ba702769762562efde795bbc,1,131.28,12.0,2021-11-18,0.0,2,2019-12-13,5,None,1,59,2.225084745762712,0.01694915254237288
a3a9fd4f4f0e502a20bb4ad85374f39c,2,44.82,2.5,2020-02-08,0.0,3,2019-01-21,2,None,1,152,0.29486842105263156,0.013157894736842105
a438105716185df72e8da2f7a50f69b7,1,48.88,8.0,2022-12-16,0.0,2,2022-12-03,11,None,1,3,16.293333333333333,0.3333333333333333
a46d882cbc934613d6cbe50f91d33694,1,47.24,4.0,2022-06-06,0.0,2,2022-04-03,3,None,1,30,1.5746666666666667,0.03333333333333333
a4dfa10a00764e68df7c6a100d964a34,2,50.24,4.5,2022-07-14,0.0,3,2020-04-24,9,None,1,25,2.0096000000000003,0.08
a51d4aaf6a35df01bdee9ff4dd39a287,1,16.34,2.0,2020-11-26,0.1,2,2019-01-19,3,Newsletter,1,110,0.14854545454545454,0.00909090909090909
a5957eb9055435d95a7bbbf7b55b10ca,3,242.26,6.333333333333333,2022-12-29,0.0,4,2022-12-25,4,None,1,1,242.26,3.0
a6d875f5f1ac07f362426b216e93ebb1,1,173.6,14.0,2022-12-09,0.0,2,2022-09-09,12,None,1,4,43.4,0.25
a706b401c8bcd4920bae118ca1523186,2,91.72999999999999,3.5,2022-03-05,0.0,3,2021-05-14,9,None,1,44,2.084772727272727,0.045454545454545456
a72de17638e4563ba2f88570434980ee,1,5.65,1.0,2021-05-27,0.0,2,2020-09-08,4,None,1,84,0.06726190476190477,0.011904761904761904
a73a13a480098f335586df059a2a181a,1,29.49,3.0,2022-12-08,0.0,2,2022-09-02,2,None,1,4,7.3725,0.25
a76b45be7d240e62d7a61d0251cbbd31,3,229.16,7.0,2022-10-16,0.0,4,2020-05-16,5,None,1,11,20.832727272727272,0.2727272727272727
a784ef5227b17a32d6471ff23c79db33,7,282.51,3.5714285714285716,2022-11-25,0.0,8,2020-08-27,9,None,1,6,47.085,1.1666666666666667
a7f5597d5f6c1855f2bd2cc693548f80,3,174.57999999999998,5.666666666666667,2022-11-09,0.0,4,2021-10-15,4,None,1,8,21.822499999999998,0.375
a80dfdc66c4eb01f9d1f50a3cb073fde,2,130.7,6.0,2020-07-10,0.0,3,2018-07-26,6,None,1,130,1.0053846153846153,0.015384615384615385
a89f69e54ddf1414b4ba18b260ff169f,1,44.52,3.0,2022-10-28,0.0,2,2021-10-07,5,None,1,10,4.452,0.1
a8cf5c305a3a730f9835a18097412dd6,2,124.28,5.0,2022-06-11,0.0,2,2021-03-10,1,None,1,30,4.142666666666667,0.06666666666666667
a8fd98214c7b14340e5824c205f07f92,3,265.38,6.666666666666667,2022-03-20,0.0,4,2020-10-09,5,None,1,41,6.472682926829268,0.07317073170731707
a9335baa17439561b277c389d2e83db8,9,467.75,6.333333333333333,2022-12-29,0.0,10,2018-04-07,1,None,1,1,467.75,9.0
ab35edba08f4aca11cd2811980eac6f0,2,77.63,3.5,2021-02-10,0.1,3,2018-08-19,5,Newsletter,1,99,0.7841414141414141,0.020202020202020204
abe8c1940a2390c3eee39ca6778550bb,1,14.7,2.0,2021-11-13,0.0,2,2021-03-16,9,None,1,60,0.245,0.016666666666666666
ac2f9a606e5c5cd82410d67860fd1737,1,50.4,8.0,2022-12-17,0.0,2,2018-12-18,4,None,1,3,16.8,0.3333333333333333
acd0227fa150c9692f96f2a423c0b20d,1,66.85,5.0,2020-01-07,0.0,2,2018-07-31,8,None,1,156,0.428525641025641,0.00641025641025641
ad8c3e178286c597a04a9926cde8dd2a,2,121.10000000000001,5.0,2022-09-26,0.1,3,2018-02-04,10,Newsletter,1,14,8.65,0.14285714285714285
aef1945a06af78939ccd44eb1eaeb365,1,69.25,5.0,2022-02-23,0.0,2,2021-12-30,8,None,1,45,1.538888888888889,0.022222222222222223
b02527e64c12216bc3d198e4390a10f5,8,358.24,4.75,2022-12-26,0.0,9,2021-09-04,1,None,1,1,358.24,8.0
b083a7b6b16f61b7cc0aa4f861d22044,1,50.56,8.0,2022-07-06,0.0,2,2021-08-21,6,None,1,26,1.9446153846153846,0.038461538461538464
b1422ff08d444f9d9d84f0febeb0a3e0,5,287.83000000000004,7.8,2022-12-15,0.0,6,2022-07-04,6,None,1,3,95.94333333333334,1.6666666666666667
b1658fd9777e56e20e6800d937423642,1,55.6,8.0,2022-09-09,0.0,2,2022-07-19,8,None,1,17,3.2705882352941176,0.058823529411764705
b1d92fa337ba1b04c7f8d4764c93c02b,1,53.48,4.0,2018-11-29,0.0,2,2018-07-29,6,None,1,214,0.24990654205607477,0.004672897196261682
b20881c1e74f52d6a3efd70353df49b1,1,15.33,3.0,2022-11-18,0.0,2,2022-09-20,7,None,1,7,2.19,0.14285714285714285
b2b7a06969b9a084437d39dc30ef4e61,2,67.47,2.5,2022-12-08,0.0,3,2021-05-17,4,None,1,4,16.8675,0.5
b34c484fc0929288f107678db1204910,3,170.24,7.0,2022-02-06,0.0,4,2020-04-03,2,None,1,47,3.6221276595744683,0.06382978723404255
b3d24889a0c90573cb66b1e1c32f9370,3,152.57999999999998,6.0,2022-05-31,0.0,4,2020-08-28,1,None,1,31,4.921935483870967,0.0967741935483871
b3f1d616933cb28699cfef3220930c5a,9,498.64,5.777777777777778,2022-12-07,0.0,10,2022-02-10,2,None,1,4,124.66,2.25
b48f6d87924dbd22dc303ff4d4338b08,1,44.2,5.0,2019-08-22,0.0,2,2018-11-16,4,None,1,176,0.25113636363636366,0.005681818181818182
b4dff2b92b88aad6881b62307fb5167e,1,85.05,7.0,2021-04-17,0.1,2,2019-10-03,5,Newsletter,1,90,0.945,0.011111111111111112
b57166fb456ef09d4158cc7236358888,3,61.709999999999994,3.0,2022-11-15,0.0,4,2021-12-23,10,None,1,7,8.815714285714284,0.42857142857142855
b58f5bda34e27503681cf4bd53fa7a51,1,53.44,8.0,2021-07-22,0.0,2,2018-02-26,8,None,1,76,0.7031578947368421,0.013157894736842105
b59f82a5d49d119a044a4b81e23f0054,1,38.49,3.0,2022-11-18,0.0,2,2022-03-18,7,None,1,7,5.498571428571429,0.14285714285714285
b5afeb8d6f2b2a42c359030c35905cda,1,58.23,9.0,2021-12-07,0.0,2,2020-03-07,1,None,1,56,1.0398214285714285,0.017857142857142856
b5ebedf2f717f4dff7c7e643bb6ba2a8,1,168.12,12.0,2022-03-29,0.0,2,2021-07-27,5,None,1,40,4.203,0.025
b5f0509dde921739f61f0beeb58e6999,1,27.84,4.0,2020-12-11,0.0,2,2019-02-21,7,None,1,108,0.2577777777777778,0.009259259259259259
b65f3a5c072c1ca230d702ab8926822d,2,79.46000000000001,5.5,2022-07-26,0.0,3,2021-05-28,3,None,1,23,3.4547826086956523,0.08695652173913043
b7207c20d989d83f8e99be57a1b09994,2,104.32,6.0,2022-03-28,0.0,3,2020-04-19,8,None,1,40,2.6079999999999997,0.05
b7250812d2b69486bfc0c14b5cdc343d,1,77.77,7.0,2022-10-15,0.0,2,2019-08-13,8,None,1,12,6.480833333333333,0.08333333333333333
b7265ed223f3df977254360fcf2def0b,1,46.89,9.0,2022-02-22,0.0,2,2020-02-17,5,None,1,45,1.042,0.022222222222222223
b8700bf7496346e2004ee41f6e7c9c47,1,9.18,1.0,2021-10-21,0.1,2,2020-07-21,1,Newsletter,1,63,0.1457142857142857,0.015873015873015872
b8cd81f7efabcde9d9993c80820a0452,1,16.44,2.0,2019-07-05,0.1,2,2019-01-20,4,Newsletter,1,183,0.0898360655737705,0.00546448087431694
b8f78b5203d744037486d37522010b26,1,23.43,3.0,2022-10-01,0.0,2,2022-01-14,2,None,1,14,1.6735714285714285,0.07142857142857142
b96509a7df804efdf14a52e13513bc62,4,143.74,5.0,2022-12-11,0.0,5,2022-10-30,10,None,1,3,47.913333333333334,1.3333333333333333
b98c0b8b4bc2ccd43ab1a3bf076fe15d,1,116.1,10.0,2021-06-21,0.0,2,2020-12-21,10,None,1,80,1.45125,0.0125
b98e8ff07f982033d9fb807831667482,3,113.07,4.0,2020-10-28,0.0,4,2019-08-16,2,None,1,114,0.9918421052631579,0.02631578947368421
ba270a297f01a872c15e2e6f5f9b9bd3,4,196.56,6.25,2022-12-06,0.0,5,2022-10-10,5,None,1,4,49.14,1.0
baf5848540ab301c8d07a30062a836d7,3,74.53999999999999,3.0,2022-06-28,0.0,4,2019-11-15,1,None,1,27,2.7607407407407405,0.1111111111111111
bb6e6f6d5848d9319d71d7b0acf3af9b,2,119.17999999999999,5.0,2022-10-21,0.0,3,2021-05-26,8,None,1,11,10.834545454545454,0.18181818181818182
bb88af7175d5572be8abdaf344f8765b,5,203.82000000000002,4.2,2022-12-07,0.0,6,2019-12-14,2,None,1,4,50.955000000000005,1.25
bba50f9a2d7db90d2933ddb69ed244dc,3,169.14,4.666666666666667,2022-10-13,0.10000000000000002,4,2019-11-22,5,Newsletter,1,12,14.094999999999999,0.25
bca81b65d05294e19357798607800b88,3,83.28999999999999,2.3333333333333335,2022-11-01,0.0,4,2019-12-05,7,None,1,9,9.254444444444443,0.3333333333333333
be82f833aa264e7f4be1dfef9750fbc0,2,127.98,5.5,2020-12-07,0.0,3,2018-05-12,6,None,1,108,1.185,0.018518518518518517
bf76bd21ea330d0cceef4c8431ed5771,9,548.98,5.777777777777778,2022-12-23,0.15,10,2022-08-28,8,Partner,1,2,274.49,4.5
bf7bfb35440e0f08c64b43a4ea7cdd1d,1,34.38,3.0,2022-04-28,0.0,2,2021-06-17,9,None,1,36,0.9550000000000001,0.027777777777777776
bf8fc3501c56a8398c8dc70eb5b273e8,1,11.16,2.0,2022-11-19,0.0,2,2022-10-21,8,None,1,7,1.5942857142857143,0.14285714285714285
bfa7b5089aa5302191d2e0dce0ad89c7,4,238.66000000000003,4.75,2022-12-09,0.0,5,2022-11-27,2,None,1,4,59.665000000000006,1.0
c012964f5331b4bc6d87c530d58a40f2,1,67.41,9.0,2020-10-02,0.0,2,2018-05-08,5,None,1,118,0.571271186440678,0.00847457627118644
c02332a8f615ea1b32063a8f56eaaece,3,90.53,4.0,2022-07-12,0.10000000000000002,4,2021-06-03,3,Newsletter,1,25,3.6212,0.12
c05f88123f60c7263962eb0024f62426,5,305.26,5.4,2022-11-17,0.0,6,2020-07-16,4,None,1,7,43.60857142857143,0.7142857142857143
c148f596210914d6fb836a9dae2ed2b4,5,114.96000000000001,3.2,2022-09-15,0.0,6,2019-08-10,9,None,1,16,7.1850000000000005,0.3125
c15baf67739d18dccdd451bdf0f102ba,2,129.2,8.0,2022-09-05,0.0,3,2020-04-30,6,None,1,17,7.6,0.11764705882352941
c15f877d2a2ee8ea9e04ad83875cc082,1,46.9,5.0,2022-09-23,0.0,2,2021-12-10,6,None,1,15,3.1266666666666665,0.06666666666666667
c17e20b659fa625d33f86d1fd6a4e8f3,2,147.19,8.5,2022-12-10,0.0,3,2022-09-14,2,None,1,4,36.7975,0.5
c19fd3ebd0475460ff36226ecdc87f2a,1,63.36,6.0,2022-09-12,0.0,2,2022-01-21,5,None,1,16,3.96,0.0625
c1edf2825ce81caeb773101626fb81c8,2,87.62,5.0,2021-05-18,0.0,3,2019-12-20,3,None,1,85,1.0308235294117647,0.023529411764705882
c2c553093909c836899ecc8255e07694,2,82.53999999999999,4.5,2022-09-11,0.0,3,2021-11-24,6,None,1,16,5.1587499999999995,0.125
c2c6e96e76564f92118b219082468248,1,25.3,5.0,2022-11-11,0.1,2,2022-05-23,5,Newsletter,1,8,3.1625,0.125
c35a6b89e8e55abf8749012f7b73263d,3,144.6,6.0,2022-10-09,0.0,4,2019-07-30,4,None,1,12,12.049999999999999,0.25
c37d26263b7fbcb0e6308940f4edaa0b,3,207.8,6.0,2022-05-01,0.0,4,2020-04-17,1,None,1,35,5.937142857142858,0.08571428571428572
c40bfd4be78b34c61dd936a5e5551ed1,4,250.64999999999998,6.0,2022-12-11,0.1,5,2021-05-27,4,Newsletter,1,3,83.55,1.3333333333333333
c433847b7ccc916f2bd0c7b30eb64541,1,95.9,7.0,2021-04-18,0.0,2,2018-12-15,10,None,1,89,1.0775280898876405,0.011235955056179775
c49e44d88d1b1b839d024e82be8245da,1,77.84,7.0,2022-11-17,0.0,2,2019-08-15,7,None,1,7,11.120000000000001,0.14285714285714285
c49fce297577b2bffc51a451eb044f2c,1,131.31,9.0,2022-11-21,0.0,2,2022-07-31,8,None,1,6,21.885,0.16666666666666666
c52fb8fafe52267941f1ebdc83cb502b,1,43.85,5.0,2022-07-09,0.0,2,2021-10-19,6,None,1,26,1.6865384615384615,0.038461538461538464
c5ca2858961c8b48d2e225d0f962a575,2,123.12,5.0,2022-12-18,0.0,3,2019-07-20,13,None,1,2,61.56,1.0
c705eca557c00a0688ae0505981c2a01,2,70.07000000000001,3.5,2022-11-21,0.0,3,2022-02-13,7,None,1,6,11.678333333333335,0.3333333333333333
c7336f4805e25796b0cf0b90edd00a39,1,17.64,2.0,2022-12-03,0.0,2,2019-09-01,12,None,1,5,3.528,0.2
c877fce02ca5ad9147494d131296c86d,1,71.8,10.0,2022-09-10,0.0,2,2021-09-02,7,None,1,17,4.223529411764706,0.058823529411764705
c8f2a290402a797028235fec28e3e03a,7,270.90999999999997,3.2857142857142856,2022-06-29,0.0,8,2019-01-28,3,None,1,27,10.033703703703702,0.25925925925925924
ca9663af8ca92d388af5a105f2f3cfad,3,240.26,7.333333333333333,2022-07-12,0.0,4,2020-05-20,3,None,1,25,9.6104,0.12
cab8d64fd1956e81737c9bf5c88600bc,1,62.64,6.0,2021-01-11,0.0,2,2019-08-23,5,None,1,103,0.6081553398058253,0.009708737864077669
cb5c11c2ce6b96dce4bb432af1320348,1,114.56,8.0,2022-11-26,0.0,2,2022-04-06,2,None,1,6,19.093333333333334,0.16666666666666666
cce5312775a1ab50af79883cb10e09d3,5,394.67,7.6,2022-11-10,0.0,6,2022-07-16,6,None,1,8,49.33375,0.625
ce05431991359abf9f830ea8ea73f39a,1,40.8,3.0,2022-12-28,0.0,2,2019-09-17,6,None,1,1,40.8,1.0
ce3634ba31aaec4f5bb00a55ebf30a0c,1,32.92,4.0,2022-08-20,0.0,2,2021-08-09,7,None,1,20,1.6460000000000001,0.05
ce5d868d38fe7fc94fc64f15d8f1db37,1,91.2,10.0,2021-06-01,0.0,2,2021-01-01,7,None,1,83,1.0987951807228915,0.012048192771084338
cea6bb71b51cb9e844ea1643063699c1,3,199.31,8.0,2022-09-10,0.0,4,2019-10-16,5,None,1,17,11.724117647058824,0.17647058823529413
cec92c36a2660ab6104d149819db4f53,1,154.42,14.0,2022-11-09,0.0,1,2018-01-21,6,None,0,8,19.3025,0.125
cf07a731689b8816cf409d63131df7f5,1,23.82,3.0,2022-05-19,0.0,2,2021-04-02,11,None,1,33,0.7218181818181818,0.030303030303030304
cf26226b727e87404eaea7c2b3ed32b3,5,157.47,3.6,2022-09-10,0.0,6,2018-01-19,8,None,1,17,9.262941176470589,0.29411764705882354
cf56f6efe0368aa66b6c2f36d85286b9,5,168.14000000000001,3.4,2022-08-23,0.1,6,2020-02-19,5,Newsletter,1,19,8.849473684210528,0.2631578947368421
cf612e8d199857651af77d38a68a62b5,2,57.26,2.5,2021-07-07,0.0,3,2019-07-24,14,None,1,78,0.734102564102564,0.02564102564102564
cf868bd00201f587979dffa2da90d9b3,2,109.1,7.5,2019-12-23,0.0,3,2019-02-07,3,None,1,158,0.6905063291139241,0.012658227848101266
d1b84e3896c8bf0f4aad25977391eefb,1,34.2,4.0,2022-12-24,0.0,2,2022-12-19,8,None,1,2,17.1,0.5
d35dfb6303bcfc6b58f1e37143120028,2,190.0,8.0,2020-08-26,0.0,3,2018-04-15,5,None,1,123,1.5447154471544715,0.016260162601626018
d3f661c2eb74c6e39581a03d90b3d311,1,118.56,8.0,2022-08-24,0.0,2,2018-01-26,4,None,1,19,6.24,0.05263157894736842
d49d564071c1350c4f3a02d66a28aaec,3,200.32,6.0,2022-07-10,0.0,4,2019-11-06,3,None,1,25,8.0128,0.12
d5687e185e1d587f26b5eacd9e8f3113,3,159.38,7.0,2022-08-27,0.0,4,2021-02-03,7,None,1,19,8.388421052631578,0.15789473684210525
d56ed2b3a398d2bc27eedfe3a735af93,1,56.7,7.0,2022-10-20,0.0,2,2020-11-28,9,None,1,11,5.154545454545455,0.09090909090909091
d5c0208c75b4a24ddef089deb0b365b7,1,44.22,3.0,2021-09-09,0.0,2,2019-08-22,9,None,1,69,0.6408695652173912,0.014492753623188406
d5e84f24e80d2c0d05ab03ffe1575a3c,1,36.56,4.0,2021-10-18,0.0,2,2019-10-09,8,None,1,63,0.5803174603174603,0.015873015873015872
d5eb02505cb884c680cf263a29720296,1,47.28,8.0,2022-06-06,0.1,2,2018-02-02,4,Newsletter,1,30,1.576,0.03333333333333333
d65b25e83e4c0885b0fc5da243504b2d,3,189.14,7.0,2022-11-21,0.0,4,2019-09-02,5,None,1,6,31.52333333333333,0.5
d6869926f36135d248a7848a28de574d,1,12.26,2.0,2022-08-12,0.0,2,2020-06-26,6,None,1,21,0.5838095238095238,0.047619047619047616
d6b036ef8e7e285c0184d97f8e134127,4,104.24,3.75,2022-10-25,0.0,5,2019-02-28,5,None,1,10,10.424,0.4
d74a1e73417ddc434f9b2ba4e826c045,1,44.73,7.0,2021-10-22,0.0,2,2020-06-13,9,None,1,63,0.71,0.015873015873015872
d7642963cb1d7ab996f42756dd709011,3,176.44,6.666666666666667,2020-12-30,0.0,4,2018-03-06,6,None,1,105,1.6803809523809523,0.02857142857142857
d8afa08569f1f0ec0c1538850c0ed72c,2,74.1,4.5,2022-02-06,0.0,3,2019-03-06,1,None,1,47,1.576595744680851,0.0425531914893617
d93b5f434b9e25f51d8e2c5e04da4720,2,152.03,6.5,2022-04-21,0.0,3,2021-08-23,4,None,1,37,4.108918918918919,0.05405405405405406
d9a1e3aabbc142c357cede93f407efda,1,70.5,5.0,2022-12-27,0.0,2,2022-01-09,2,None,1,1,70.5,1.0
da34f8e933eaa46accb42c322b46656e,2,117.17,7.5,2022-07-14,0.0,3,2020-05-08,8,None,1,25,4.6868,0.08
db3eb46ef0cc5545fb1d0d306bd87ffb,4,157.35,3.75,2022-04-27,0.1,5,2019-06-08,2,Newsletter,1,36,4.370833333333334,0.1111111111111111
db73381060ef6202d9301c210bbcabec,1,46.62,6.0,2020-12-26,0.0,2,2019-09-24,4,None,1,106,0.43981132075471696,0.009433962264150943
dda028bb46785ad9335e66640cd21c57,2,49.25,4.5,2022-06-02,0.0,3,2021-06-28,9,None,1,31,1.5887096774193548,0.06451612903225806
ddd6c9b31f2b6e5fd5fc4bc5c223aad1,1,72.48,8.0,2022-12-03,0.0,2,2022-08-22,10,None,1,5,14.496,0.2
de30b751742b0e54429a3afd0c9b9a6b,1,75.2,10.0,2022-06-28,0.0,2,2021-11-18,3,None,1,27,2.785185185185185,0.037037037037037035
de97163917b9ee99972aaa22b3f0deb1,1,6.75,1.0,2022-12-26,0.1,2,2022-12-17,1,Newsletter,1,1,6.75,1.0
ded6f2e3247bf05d9b2e15e105526228,1,8.01,1.0,2022-11-19,0.15,2,2022-11-10,1,Partner,1,7,1.1442857142857144,0.14285714285714285
df5e7299cfe9396b92245ff653c937d4,8,378.59,5.625,2022-09-28,0.0,9,2021-04-04,5,None,1,14,27.042142857142856,0.5714285714285714
e0dd5f595a2523feaea4407a6769800d,2,158.69,7.5,2021-06-07,0.0,3,2020-08-03,11,None,1,82,1.9352439024390244,0.024390243902439025
e125a797f8055b6bef16c622548ed6a7,2,95.08,4.0,2022-12-08,0.0,3,2022-08-21,5,None,1,4,23.77,0.5
e1b0e8957329fb3d9909f12ffa6e2973,2,110.4,8.0,2021-04-12,0.0,3,2020-02-02,3,None,1,90,1.2266666666666668,0.022222222222222223
e222064ec955aae6f7bfbbd96cd5db81,3,221.17000000000002,6.0,2022-12-27,0.10000000000000002,4,2018-02-24,6,Newsletter,1,1,221.17000000000002,3.0
e22c4cb15c861cbd1dbf804b2d7f5544,2,106.85,5.5,2020-06-03,0.0,3,2019-06-03,8,None,1,135,0.7914814814814815,0.014814814814814815
e2fa6bdc1501a08b2dfe0a774f571d26,2,133.69,6.0,2022-12-03,0.0,3,2022-05-19,5,None,1,5,26.738,0.4
e3d39420998bd61d45114138e853486a,1,5.68,1.0,2021-08-05,0.0,2,2018-03-22,2,None,1,74,0.07675675675675675,0.013513513513513514
e3e2c68b8790f5c8a094e494b4789272,1,35.24,4.0,2022-11-06,0.0,2,2019-09-20,8,None,1,8,4.405,0.125
e40fc9958e0ee916f1a5ab60c5737638,3,125.19000000000001,3.3333333333333335,2022-12-17,0.0,4,2021-10-06,4,None,1,3,41.730000000000004,1.0
e420580877b1d2310e101b060c03f92b,1,58.74,6.0,2022-12-31,0.0,2,2022-12-15,8,None,1,1,58.74,1.0
e43e9a493764c16e7661f0278384005c,1,48.16,4.0,2022-02-02,0.0,2,2020-03-12,2,None,1,48,1.0033333333333332,0.020833333333333332
e4dcc160faaefbcabf994dfc7a7ac70e,3,92.53999999999999,4.0,2022-03-13,0.0,4,2019-08-11,6,None,1,42,2.203333333333333,0.07142857142857142
e5949af17a01c2fe64f820612b966010,4,238.4,6.75,2022-06-13,0.0,5,2021-09-12,5,None,1,29,8.220689655172414,0.13793103448275862
e5bb148922d2ec04ddde41ed6fbc4499,1,55.04,8.0,2022-11-07,0.0,2,2020-12-13,7,None,1,8,6.88,0.125
e5f3507126f8afc067536b4dd589484d,3,187.73000000000002,6.0,2022-11-05,0.0,4,2022-07-01,10,None,1,9,20.85888888888889,0.3333333333333333
e6b664ab11c2b68fbb8fe81b96f77819,9,698.45,7.666666666666667,2022-12-19,0.0,10,2021-09-01,7,None,1,2,349.225,4.5
e6d54d4926caa60c9e70fa8c0d9bcc3d,3,207.88,6.333333333333333,2022-10-08,0.0,4,2021-08-14,2,None,1,13,15.99076923076923,0.23076923076923078
e6f6477ec8177300c08773ff3855088b,1,73.92,8.0,2022-05-07,0.0,2,2021-01-28,2,None,1,35,2.112,0.02857142857142857
e71c6a8b28171188f534279045f226f0,3,327.77,8.0,2022-12-31,0.0,4,2019-09-11,1,None,1,1,327.77,3.0
e7550315e95495ee2d8a4f9c88ae52ae,4,108.86,3.75,2022-03-01,0.0,5,2020-05-09,11,None,1,44,2.474090909090909,0.09090909090909091
e7885f3de55338e574d1890ee9946ad5,3,162.22,5.666666666666667,2022-11-16,0.0,4,2021-05-06,8,None,1,7,23.174285714285713,0.42857142857142855
e796d50dff538e2cf3da0ed8ec2cfb6a,4,322.02,6.0,2021-09-11,0.0,5,2020-06-07,2,None,1,69,4.66695652173913,0.057971014492753624
e7c2c1da3302487b03810c66206ab593,3,213.24,6.666666666666667,2022-10-29,0.0,4,2020-02-28,4,None,1,10,21.324,0.3
ea4ec8ead338012752a046e86325d2ea,1,47.6,5.0,2022-04-02,0.0,2,2020-11-24,9,None,1,40,1.19,0.025
ea813632a97d8a950bfecbbb9ae506b6,2,85.86,4.0,2022-07-21,0.1,3,2019-05-21,3,Newsletter,1,24,3.5775,0.08333333333333333
eaced9a04905d692332962973c0a9e33,4,112.19999999999999,4.25,2022-12-05,0.0,5,2022-07-13,10,None,1,4,28.049999999999997,1.0
eb0fe74716cd383a69c1d5c22dabaf1f,3,107.27000000000001,4.0,2022-09-09,0.0,4,2018-04-17,7,None,1,17,6.3100000000000005,0.17647058823529413
ebdb8e65afac383e48aedac91a2c2665,2,112.95,4.5,2022-10-27,0.0,3,2022-05-09,6,None,1,10,11.295,0.2
ecaecd37d75784e39bc06d9ef4ed2a01,1,52.71,7.0,2022-11-01,0.0,2,2022-08-23,4,None,1,9,5.8566666666666665,0.1111111111111111
ecc62d9983368e95496da2ecc04d9f84,1,118.44,14.0,2022-10-29,0.0,2,2022-03-21,5,None,1,10,11.844,0.1
ed2d90ba9bd92cf660491b3a682ce1f6,1,37.38,6.0,2022-08-05,0.0,2,2022-04-07,5,None,1,22,1.6990909090909092,0.045454545454545456
ed9a1d81d2e2907d17392aa7957b7483,3,87.84,4.0,2022-06-16,0.0,4,2020-12-09,6,None,1,29,3.0289655172413794,0.10344827586206896
edb656d90cd200347ccc5aeed693e0c8,6,231.51999999999998,4.833333333333333,2022-08-29,0.0,7,2020-01-24,10,None,1,18,12.862222222222222,0.3333333333333333
ee013c7219e907791c3686c65aa107a3,1,32.25,3.0,2022-02-13,0.0,2,2021-06-06,2,None,1,46,0.7010869565217391,0.021739130434782608
ee1f7ee9cb5aa25301fa44bb7a97ae26,1,51.24,4.0,2022-07-26,0.0,2,2020-11-15,8,None,1,23,2.227826086956522,0.043478260869565216
ee20ef26c05cc7fb6c58892eee55cb6f,2,203.5,8.5,2022-11-14,0.1,3,2021-03-08,11,Newsletter,1,7,29.071428571428573,0.2857142857142857
ef4689c978c67dbf4a7eb6b98042b465,1,103.4,10.0,2022-12-14,0.0,2,2022-01-05,4,None,1,3,34.46666666666667,0.3333333333333333
ef99edc17925ad11ccd2a1f5f2004b24,5,259.16999999999996,5.6,2022-07-07,0.0,6,2019-02-20,1,None,1,26,9.968076923076922,0.19230769230769232
f0936542bd0e50ec0b174d72e063c66d,6,356.27,5.166666666666667,2022-12-27,0.0,7,2018-09-13,1,None,1,1,356.27,6.0
f09e732de1fa48adb91f37d1b03e7a51,1,8.87,1.0,2021-04-06,0.0,2,2018-03-20,4,None,1,91,0.09747252747252746,0.01098901098901099
f0ddd64be00c5ef27ebe691d51a4369b,1,23.88,3.0,2022-07-20,0.0,2,2021-10-23,3,None,1,24,0.995,0.041666666666666664
f0eb25b1a98a9f6476cec9c16794be31,1,71.6,5.0,2022-12-27,0.0,2,2022-12-20,3,None,1,1,71.6,1.0
f2a3e930e72b3b03da077e410b84349d,3,200.39999999999998,6.666666666666667,2022-10-16,0.0,4,2022-05-30,1,None,1,11,18.218181818181815,0.2727272727272727
f2c600504658a8810c21eee436bf8976,1,72.96,8.0,2022-06-04,0.0,2,2019-12-07,1,None,1,31,2.353548387096774,0.03225806451612903
f3749cf7edfdce4b51c8f88ebe8b4e84,1,38.57,7.0,2022-09-23,0.1,2,2020-02-15,8,Newsletter,1,15,2.5713333333333335,0.06666666666666667
f40c2381fd713e0c2e1e151e8abdbe12,2,121.09,5.5,2021-07-27,0.0,3,2019-01-03,4,None,1,75,1.6145333333333334,0.02666666666666667
f45dfb776e30ab0ed6191791de1d6f3a,1,160.82,11.0,2022-08-14,0.0,2,2021-06-23,10,None,1,20,8.041,0.05
f4f87115b082b2ddbfb26822d8a55bf8,3,204.74,6.333333333333333,2022-03-04,0.0,4,2018-12-29,13,None,1,44,4.653181818181818,0.06818181818181818
f52b73e24bc192007935f8e1ebfabd84,1,141.31,13.0,2022-09-20,0.0,2,2022-04-22,7,None,1,15,9.420666666666667,0.06666666666666667
f6657c372bb79356ed1c3973d48f31b5,1,48.1,5.0,2022-07-26,0.0,2,2022-02-14,11,None,1,23,2.091304347826087,0.043478260869565216
f91d5de0697965bac48933d1152846d1,1,21.12,3.0,2022-06-12,0.0,2,2020-12-17,4,None,1,29,0.7282758620689656,0.034482758620689655
f9e2f00e271f394f96e9a07f981e2dce,1,44.34,3.0,2022-11-21,0.0,2,2021-08-10,5,None,1,6,7.390000000000001,0.16666666666666666
fa0bc1bc00e1de503ea5f2bd26f4f0ac,3,165.51,5.0,2022-10-13,0.0,4,2021-02-15,8,None,1,12,13.792499999999999,0.25
fa2246c2435de2ca31f0e9806ec62c0f,4,288.84999999999997,5.5,2022-12-16,0.0,5,2022-05-17,9,None,1,3,96.28333333333332,1.3333333333333333
fb072258abbc7680be9155fce6a13d7a,1,83.82,6.0,2022-12-19,0.0,2,2022-05-18,11,None,1,2,41.91,0.5
fb2a9e5a0f4f2db571b6df30bdef2b22,1,40.8,6.0,2022-10-26,0.0,2,2019-01-31,9,None,1,10,4.08,0.1
fb35fd7874b3adcbc7b4ee0de253aeaf,2,94.88000000000001,5.0,2022-11-04,0.0,3,2022-05-05,3,None,1,9,10.542222222222223,0.2222222222222222
fb51e4a58ccf3300852726bd26cfb9ff,2,99.12,4.0,2022-12-26,0.0,3,2018-02-14,1,None,1,1,99.12,2.0
fbaea801b353f0a1eaa9ee83d15cfa1d,1,58.04,4.0,2020-11-03,0.0,2,2018-04-26,1,None,1,113,0.5136283185840708,0.008849557522123894
fbcf794cf9cb247b8b6ff9ce5180830d,8,333.0,4.125,2022-12-06,0.0,9,2021-04-19,1,None,1,4,83.25,2.0
fc5febd60fbc14fffe48c5bb415bb670,3,144.45,5.333333333333333,2021-10-08,0.0,4,2019-10-29,9,None,1,65,2.2223076923076923,0.046153846153846156
fced5ec02c90c93d746ea15907834c58,3,234.5,8.0,2022-03-20,0.0,4,2020-01-21,7,None,1,41,5.719512195121951,0.07317073170731707
fd20e043782f67fd9dc56c70181ec82e,1,59.56,4.0,2022-01-10,0.0,2,2019-03-13,8,None,1,51,1.167843137254902,0.0196078431372549
fd2ebb6d2f2bb422326230965e48e7c4,1,97.79,7.0,2022-12-20,0.0,2,2019-01-12,10,None,1,2,48.895,0.5
fd6ce11467d03ddabb91f90a204596e2,3,153.64,5.0,2022-11-02,0.0,4,2022-03-20,3,None,1,9,17.071111111111108,0.3333333333333333
fd70b098badc532a15ae55e2cbb64178,4,387.19,8.0,2022-10-07,0.0,5,2018-11-13,9,None,1,13,29.783846153846152,0.3076923076923077
fd876a112b5b6a0e172a9c01a7b00271,1,77.98,7.0,2022-12-22,0.0,2,2019-12-28,8,None,1,2,38.99,0.5
fe8e3c93c8f30cfd0a878a3e5e39bb0c,7,430.33,6.285714285714286,2022-04-10,0.0,8,2018-09-09,7,None,1,38,11.324473684210526,0.18421052631578946
fea9c352c7598c0db702eb55830c05cf,2,79.26,3.0,2022-12-30,0.1,3,2021-09-15,9,Newsletter,1,1,79.26,2.0
fef920e30477dcaddd49202aa4c984b2,3,164.54,6.333333333333333,2022-12-04,0.0,4,2020-09-28,10,None,1,4,41.135,0.75
ff43bb8494abcded3434f9c7f1a10d10,1,97.6,8.0,2021-05-25,0.1,2,2020-12-22,2,Newsletter,1,84,1.1619047619047618,0.011904761904761904
ff4e95449fe80aed295ff4c64338ace4,3,261.84000000000003,7.0,2022-08-23,0.0,4,2021-03-31,6,None,1,19,13.78105263157895,0.15789473684210525
ff5a5984a08600f1e05af2302f999f0a,4,97.72,2.75,2022-12-12,0.0,5,2021-09-19,6,None,1,3,32.57333333333333,1.3333333333333333
